"Phage name","GenBank Accession","Status","Isolation host","Capsule type isolation host","Alternative production host(s)","All hosts","Plaque morphology vs isolation host","Morphology","Tail length (nm)","Capsid diameter (nm)","Assembler","DNA sequencing and library prep","Genome size (bp)","GC content (%) (EMBOSS)","Closest relative name","Closest relative accession number","Genus","Sub-family","Family","Class","Lifestyle (Bacphlip)","Termini (PhageTerm)","aai_completeness (checkv)","aai_confidence (checkv)","Putative depolymerases (DepoScope >=0.5)","Confirmed depolymerase?","Anti-defence Genes","Host range in TSB media - Lysis","Host range in TSB media - No Lysis","Host range in TSB media - Undetermined Lysis","Host range in LB media - Lysis","Host range in LB media - No Lysis","Host range in LB media - Undetermined Lysis"
"Roth37","PQ657803","","NCTC_7427","capsule null","NCTC_7427","NCTC_7427; NCTC_7427","s","Siphophage","235.997","88.298","CLC v23.0.1","BMKGene; Reseq-M Kit","109588","0.4501","GZ8","OP171943.1","Sugarlandvirus","unclassified","Demerecviridae","Caudoviricetes","Virulent","Headful (pac); permutated","96.4115665714246","high","1","no","0","2609; 51851; K6500; NCTC 7427; CFI_134_NDM1","KLEB11; 164413U/2; 163575R; NCTC_13368; L0240; KLEB12; 921530F; 1_1_55; KLEB5; 4_1_44FAA; K5962; ATCC_11296; CFI_127_NDM1; CFI_108_OXA181; 2660; 2619; 49856; CFI_131_KPC2; MKP103; 46704; 45071; NCTC_13438; CFI_141_KPC3; KLEB9; L0549; L0506; KLEB6; K5864; 164121Y; 164358U; L0593; KLEB7; RSUH15; 80528; KLEB2; MGH_78578; KLEB10; KPUK02; L0644; 163895Q; L0747; 922221W; L1522; L0738; TW3; M6; 164125A; K6310; KLEB3; KLEB4; L1392; 16; CFI_110_OXA232; CFI_119_OXA48; CFI_147_OXA48; CFI_118_NDM1; KPUK01; CFI_014_VIM4; 18; CFI_128_NDM1; KPUK04a; NCTC_13443; CFI_146_OXA48; CFI_001_VIM1; KLEB14; KPTR8; KLEB13","MDRT1; 163862E","KLEB12; KLEB5; 51851; KLEB7; NCTC 7427; CFI_014_VIM4","KLEB11; 164413U/2; 163575R; NCTC_13368; L0240; 921530F; 1_1_55; 4_1_44FAA; K5962; ATCC_11296; CFI_127_NDM1; CFI_108_OXA181; 2660; 2619; MDRT1; 2609; 49856; CFI_131_KPC2; MKP103; 46704; 45071; NCTC_13438; CFI_141_KPC3; KLEB9; L0549; L0506; KLEB6; K6500; K5864; 164121Y; 164358U; L0593; RSUH15; 80528; KLEB2; MGH_78578; KLEB10; KPUK02; L0644; 163895Q; L0747; 922221W; L1522; L0738; TW3; M6; 164125A; K6310; KLEB3; KLEB4; 163862E; L1392; 16; CFI_110_OXA232; CFI_119_OXA48; CFI_147_OXA48; CFI_118_NDM1; CFI_134_NDM1; KPUK01; 18; CFI_128_NDM1; KPUK04a; NCTC_13443; CFI_146_OXA48; CFI_001_VIM1; KLEB14; KPTR8; KLEB13",""
"Roth39","PQ657804","representative phage","NCTC_7427","capsule null","NCTC_7427","NCTC_7427; NCTC_7427","s","Siphophage","262.685","87.366","CLC v23.0.1","BMKGene; Reseq-M Kit","109588","0.4501","GZ8","OP171943.1","Sugarlandvirus","unclassified","Demerecviridae","Caudoviricetes","Virulent","Undetermined; permutated","96.4115665714246","high","1","no","0","MDRT1; 2609; 51851; K6500; NCTC 7427; CFI_134_NDM1; CFI_014_VIM4","KLEB11; 164413U/2; 163575R; NCTC_13368; L0240; KLEB12; 921530F; 1_1_55; KLEB5; 4_1_44FAA; K5962; ATCC_11296; CFI_127_NDM1; CFI_108_OXA181; 2660; 2619; 49856; CFI_131_KPC2; MKP103; 46704; 45071; NCTC_13438; CFI_141_KPC3; KLEB9; L0549; L0506; KLEB6; K5864; 164121Y; 164358U; L0593; KLEB7; RSUH15; 80528; KLEB2; MGH_78578; KLEB10; KPUK02; L0644; 163895Q; 922221W; L1522; L0738; TW3; M6; 164125A; K6310; KLEB3; KLEB4; 163862E; L1392; 16; CFI_110_OXA232; CFI_119_OXA48; CFI_147_OXA48; CFI_118_NDM1; KPUK01; 18; CFI_128_NDM1; KPUK04a; NCTC_13443; CFI_146_OXA48; CFI_001_VIM1; KLEB14; KPTR8; KLEB13","L0747","KLEB12; MDRT1; 51851; KLEB7; NCTC 7427; CFI_014_VIM4","KLEB11; 164413U/2; 163575R; NCTC_13368; L0240; 921530F; 1_1_55; 4_1_44FAA; K5962; ATCC_11296; CFI_127_NDM1; CFI_108_OXA181; 2660; 2619; 2609; 49856; CFI_131_KPC2; MKP103; 46704; 45071; NCTC_13438; CFI_141_KPC3; KLEB9; L0549; L0506; KLEB6; K6500; K5864; 164121Y; 164358U; L0593; RSUH15; 80528; KLEB2; MGH_78578; KLEB10; KPUK02; L0644; 163895Q; L0747; 922221W; L1522; L0738; TW3; M6; 164125A; K6310; KLEB3; KLEB4; 163862E; L1392; 16; CFI_110_OXA232; CFI_119_OXA48; CFI_147_OXA48; CFI_118_NDM1; CFI_134_NDM1; KPUK01; 18; CFI_128_NDM1; KPUK04a; NCTC_13443; CFI_146_OXA48; CFI_001_VIM1; KLEB14; KPTR8; KLEB13","KLEB5"
"Roth49","PQ657809","","CFI_014_VIM4","KL24","NCTC_7427","CFI_014_VIM4; NCTC_7427","s","Siphophage","183.106","85.963","Spades v3.15.3","UKHSA; Nextera kit","109585","0.4501","GZ8","OP171943.1","Sugarlandvirus","unclassified","Demerecviridae","Caudoviricetes","Virulent","NA","96.4074369264828","high","1","no","0","2609; 51851; K6500; NCTC 7427; CFI_014_VIM4","KLEB11; 164413U/2; 163575R; NCTC_13368; L0240; KLEB12; 921530F; 1_1_55; KLEB5; 4_1_44FAA; K5962; ATCC_11296; CFI_127_NDM1; CFI_108_OXA181; 2660; 2619; MDRT1; 49856; CFI_131_KPC2; MKP103; 46704; 45071; NCTC_13438; CFI_141_KPC3; KLEB9; L0549; L0506; KLEB6; K5864; 164121Y; 164358U; L0593; KLEB7; RSUH15; 80528; KLEB2; MGH_78578; KLEB10; KPUK02; L0644; 163895Q; L0747; 922221W; L1522; L0738; TW3; M6; 164125A; K6310; KLEB3; KLEB4; 163862E; L1392; 16; CFI_110_OXA232; CFI_119_OXA48; CFI_147_OXA48; CFI_118_NDM1; CFI_134_NDM1; KPUK01; 18; CFI_128_NDM1; KPUK04a; NCTC_13443; CFI_146_OXA48; CFI_001_VIM1; KLEB14; KPTR8; KLEB13","","KLEB12; 51851; K6500; KLEB7; NCTC 7427; CFI_014_VIM4","KLEB11; 164413U/2; 163575R; NCTC_13368; L0240; 921530F; 1_1_55; KLEB5; 4_1_44FAA; K5962; ATCC_11296; CFI_127_NDM1; CFI_108_OXA181; 2660; 2619; MDRT1; 2609; 49856; CFI_131_KPC2; MKP103; 46704; 45071; NCTC_13438; CFI_141_KPC3; KLEB9; L0549; L0506; KLEB6; K5864; 164121Y; 164358U; L0593; RSUH15; 80528; KLEB2; MGH_78578; KLEB10; KPUK02; L0644; 163895Q; L0747; 922221W; L1522; L0738; TW3; M6; 164125A; K6310; KLEB3; KLEB4; 163862E; L1392; 16; CFI_110_OXA232; CFI_119_OXA48; CFI_147_OXA48; CFI_118_NDM1; CFI_134_NDM1; KPUK01; 18; CFI_128_NDM1; KPUK04a; NCTC_13443; CFI_146_OXA48; CFI_001_VIM1; KLEB14; KPTR8; KLEB13",""
"Roth50","PQ657810","","CFI_014_VIM4","KL24","NCTC_7427","CFI_014_VIM4; NCTC_7427","s","Siphophage","150.023","61.71","Spades v3.15.3","UKHSA; Nextera kit","109593","0.4501","GZ8","OP171943.1","Sugarlandvirus","unclassified","Demerecviridae","Caudoviricetes","Virulent","NA","96.4159653909382","high","1","no","0","2609; 51851; K6500; NCTC 7427; CFI_014_VIM4","KLEB11; 164413U/2; 163575R; NCTC_13368; L0240; KLEB12; 921530F; 1_1_55; KLEB5; 4_1_44FAA; K5962; ATCC_11296; CFI_127_NDM1; CFI_108_OXA181; 2660; 2619; MDRT1; 49856; CFI_131_KPC2; MKP103; 46704; 45071; NCTC_13438; CFI_141_KPC3; KLEB9; L0549; L0506; KLEB6; K5864; 164121Y; 164358U; L0593; KLEB7; RSUH15; 80528; KLEB2; MGH_78578; KLEB10; KPUK02; L0644; 163895Q; L0747; 922221W; L1522; L0738; TW3; M6; 164125A; K6310; KLEB3; KLEB4; 163862E; L1392; 16; CFI_110_OXA232; CFI_119_OXA48; CFI_147_OXA48; CFI_118_NDM1; CFI_134_NDM1; KPUK01; 18; CFI_128_NDM1; KPUK04a; NCTC_13443; CFI_146_OXA48; CFI_001_VIM1; KLEB14; KPTR8; KLEB13","","KLEB12; 51851; K6500; KLEB7; NCTC 7427; CFI_014_VIM4","KLEB11; 164413U/2; 163575R; NCTC_13368; L0240; 921530F; 1_1_55; KLEB5; 4_1_44FAA; K5962; ATCC_11296; CFI_127_NDM1; CFI_108_OXA181; 2660; 2619; MDRT1; 2609; 49856; CFI_131_KPC2; MKP103; 46704; 45071; NCTC_13438; CFI_141_KPC3; KLEB9; L0549; L0506; KLEB6; K5864; 164121Y; 164358U; L0593; RSUH15; 80528; KLEB2; MGH_78578; KLEB10; KPUK02; L0644; 163895Q; L0747; 922221W; L1522; L0738; TW3; M6; 164125A; K6310; KLEB3; KLEB4; 163862E; L1392; 16; CFI_110_OXA232; CFI_119_OXA48; CFI_147_OXA48; CFI_118_NDM1; CFI_134_NDM1; KPUK01; 18; CFI_128_NDM1; KPUK04a; NCTC_13443; CFI_146_OXA48; CFI_001_VIM1; KLEB14; KPTR8; KLEB13",""
"Roth08","PQ657787","representative phage","MDRT1","capsule null","164125A; NCTC_7427","MDRT1; 164125A; NCTC_7427","h","Siphophage","168.972","64.617","CLC v23.0.1","UKHSA; Nextera kit","50204","0.5063","vB_KpnD_PeteCarol","OL539448.1","Webervirus","unclassified","Drexlerviridae","Caudoviricetes","Virulent","NA","100","high","1","no","0","1_1_55; MDRT1; 49856; 51851; L0506; K6500; NCTC 7427; 164125A; CFI_014_VIM4; 18","KLEB11; 164413U/2; 163575R; NCTC_13368; L0240; KLEB12; 921530F; KLEB5; 4_1_44FAA; K5962; ATCC_11296; CFI_127_NDM1; CFI_108_OXA181; 2660; 2619; 2609; CFI_131_KPC2; MKP103; 46704; 45071; NCTC_13438; CFI_141_KPC3; KLEB9; L0549; KLEB6; K5864; 164121Y; 164358U; L0593; KLEB7; RSUH15; 80528; KLEB2; MGH_78578; KLEB10; KPUK02; L0644; 163895Q; L0747; 922221W; L1522; L0738; TW3; M6; K6310; KLEB3; KLEB4; L1392; 16; CFI_110_OXA232; CFI_119_OXA48; CFI_147_OXA48; CFI_118_NDM1; CFI_134_NDM1; KPUK01; CFI_128_NDM1; KPUK04a; NCTC_13443; CFI_146_OXA48; CFI_001_VIM1; KLEB14; KPTR8; KLEB13","163862E","KLEB12; MDRT1; 51851; L0506; K6500; NCTC 7427; 164125A; CFI_014_VIM4; 18","KLEB11; 164413U/2; 163575R; NCTC_13368; L0240; 921530F; 1_1_55; KLEB5; 4_1_44FAA; K5962; ATCC_11296; CFI_127_NDM1; CFI_108_OXA181; 2660; 2619; 2609; 49856; CFI_131_KPC2; MKP103; 46704; 45071; NCTC_13438; CFI_141_KPC3; KLEB9; L0549; KLEB6; K5864; 164121Y; 164358U; L0593; KLEB7; RSUH15; 80528; KLEB2; MGH_78578; KLEB10; KPUK02; L0644; 163895Q; L0747; 922221W; L1522; L0738; TW3; M6; K6310; KLEB3; KLEB4; 163862E; L1392; 16; CFI_110_OXA232; CFI_119_OXA48; CFI_147_OXA48; CFI_118_NDM1; CFI_134_NDM1; KPUK01; CFI_128_NDM1; KPUK04a; NCTC_13443; CFI_146_OXA48; CFI_001_VIM1; KLEB14; KPTR8; KLEB13",""
"Roth74","PQ657818","","51851","capsule null","NCTC_7427","51851; NCTC_7427","h","Siphophage","189.709","61.828","CLC v23.0.1","UKHSA; Nextera kit","49780","0.507","mtp28","OX335385.1","Webervirus","unclassified","Drexlerviridae","Caudoviricetes","Virulent","NA","100","high","2","no","0","MDRT1; 51851; L0506; K6500; NCTC 7427; 163862E; CFI_014_VIM4; 18; CFI_001_VIM1","KLEB11; 164413U/2; 163575R; NCTC_13368; L0240; KLEB12; 921530F; 1_1_55; KLEB5; 4_1_44FAA; K5962; ATCC_11296; CFI_127_NDM1; CFI_108_OXA181; 2660; 2619; 2609; 49856; CFI_131_KPC2; MKP103; 46704; 45071; NCTC_13438; CFI_141_KPC3; KLEB9; L0549; KLEB6; K5864; 164121Y; 164358U; L0593; KLEB7; RSUH15; 80528; KLEB2; MGH_78578; KLEB10; KPUK02; L0644; 163895Q; L0747; 922221W; L1522; L0738; TW3; M6; 164125A; K6310; KLEB3; KLEB4; L1392; 16; CFI_110_OXA232; CFI_119_OXA48; CFI_147_OXA48; CFI_118_NDM1; CFI_134_NDM1; KPUK01; CFI_128_NDM1; KPUK04a; NCTC_13443; CFI_146_OXA48; KLEB14; KPTR8; KLEB13","","KLEB12; MDRT1; 51851; L0506; NCTC 7427; CFI_134_NDM1; CFI_014_VIM4; 18; CFI_001_VIM1","KLEB11; 164413U/2; 163575R; NCTC_13368; L0240; 921530F; 1_1_55; KLEB5; 4_1_44FAA; K5962; ATCC_11296; CFI_127_NDM1; CFI_108_OXA181; 2660; 2619; 2609; 49856; CFI_131_KPC2; MKP103; 46704; 45071; CFI_141_KPC3; KLEB9; L0549; KLEB6; K6500; K5864; 164121Y; 164358U; L0593; KLEB7; RSUH15; 80528; KLEB2; MGH_78578; KLEB10; KPUK02; L0644; 163895Q; L0747; 922221W; L1522; L0738; TW3; M6; 164125A; K6310; KLEB3; KLEB4; L1392; 16; CFI_110_OXA232; CFI_119_OXA48; CFI_118_NDM1; KPUK01; CFI_128_NDM1; KPUK04a; NCTC_13443; CFI_146_OXA48; KLEB14; KPTR8; KLEB13","NCTC_13438; 163862E; CFI_147_OXA48"
"Roth75","PQ657819","representative phage","51851","capsule null","NCTC_7427","51851; NCTC_7427","h","Siphophage","189.73","64.372","Spades v3.15.3","BMKGene; Reseq-M Kit","49735","0.5072","mtp28","OX335385.1","Webervirus","unclassified","Drexlerviridae","Caudoviricetes","Virulent","Undetermined; permutated","100","high","2","no","0","MDRT1; 51851; L0506; K6500; NCTC 7427; 163862E; CFI_014_VIM4; 18; CFI_001_VIM1","KLEB11; 164413U/2; 163575R; NCTC_13368; L0240; KLEB12; 921530F; 1_1_55; KLEB5; 4_1_44FAA; K5962; ATCC_11296; CFI_127_NDM1; CFI_108_OXA181; 2660; 2619; 2609; 49856; CFI_131_KPC2; MKP103; 46704; 45071; NCTC_13438; CFI_141_KPC3; KLEB9; L0549; KLEB6; K5864; 164121Y; 164358U; L0593; KLEB7; RSUH15; 80528; KLEB2; MGH_78578; KLEB10; KPUK02; L0644; 163895Q; L0747; 922221W; L1522; L0738; TW3; M6; 164125A; K6310; KLEB3; KLEB4; L1392; 16; CFI_110_OXA232; CFI_119_OXA48; CFI_147_OXA48; CFI_118_NDM1; CFI_134_NDM1; KPUK01; CFI_128_NDM1; KPUK04a; NCTC_13443; CFI_146_OXA48; KLEB14; KPTR8; KLEB13","164413U/2","KLEB12; MDRT1; 51851; L0506; NCTC 7427; CFI_134_NDM1; CFI_014_VIM4; 18","KLEB11; 164413U/2; 163575R; NCTC_13368; L0240; 921530F; 1_1_55; KLEB5; 4_1_44FAA; K5962; ATCC_11296; CFI_127_NDM1; CFI_108_OXA181; 2660; 2619; 2609; 49856; CFI_131_KPC2; MKP103; 46704; 45071; NCTC_13438; CFI_141_KPC3; KLEB9; L0549; KLEB6; K6500; K5864; 164121Y; 164358U; L0593; KLEB7; RSUH15; 80528; KLEB2; MGH_78578; KLEB10; KPUK02; L0644; 163895Q; L0747; 922221W; L1522; L0738; TW3; M6; 164125A; K6310; KLEB3; KLEB4; L1392; 16; CFI_110_OXA232; CFI_119_OXA48; CFI_147_OXA48; CFI_118_NDM1; KPUK01; CFI_128_NDM1; KPUK04a; NCTC_13443; CFI_146_OXA48; CFI_001_VIM1; KLEB14; KPTR8; KLEB13","163862E"
"Roth42","PQ657806","","NCTC_7427","capsule null","NCTC_7427; 164125A","NCTC_7427; NCTC_7427; 164125A","h","Siphophage","196.951","68.251","CLC v23.0.1","BMKGene; Reseq-M Kit","49780","0.5069","mtp28","OX335385.1","Webervirus","unclassified","Drexlerviridae","Caudoviricetes","Virulent","Undetermined; permutated","100","high","2","no","0","MDRT1; 51851; L0506; K6500; NCTC 7427; 164125A; 163862E; CFI_134_NDM1; CFI_014_VIM4; 18; CFI_001_VIM1","KLEB11; 164413U/2; 163575R; NCTC_13368; L0240; KLEB12; 921530F; 1_1_55; KLEB5; 4_1_44FAA; K5962; ATCC_11296; CFI_127_NDM1; CFI_108_OXA181; 2660; 2619; 2609; 49856; CFI_131_KPC2; MKP103; 46704; 45071; NCTC_13438; CFI_141_KPC3; KLEB9; L0549; KLEB6; K5864; 164121Y; 164358U; L0593; KLEB7; RSUH15; 80528; KLEB2; MGH_78578; KLEB10; KPUK02; L0644; 163895Q; L0747; 922221W; L1522; L0738; TW3; M6; K6310; KLEB3; KLEB4; L1392; 16; CFI_110_OXA232; CFI_119_OXA48; CFI_147_OXA48; CFI_118_NDM1; KPUK01; CFI_128_NDM1; KPUK04a; NCTC_13443; CFI_146_OXA48; KLEB14; KPTR8; KLEB13","","KLEB12; MDRT1; 51851; L0506; K6500; NCTC 7427; 164125A; CFI_134_NDM1; CFI_014_VIM4; 18","KLEB11; 164413U/2; 163575R; NCTC_13368; L0240; 921530F; 1_1_55; KLEB5; 4_1_44FAA; K5962; ATCC_11296; CFI_127_NDM1; CFI_108_OXA181; 2660; 2619; 2609; 49856; CFI_131_KPC2; MKP103; 46704; 45071; NCTC_13438; CFI_141_KPC3; KLEB9; L0549; KLEB6; K5864; 164121Y; 164358U; L0593; KLEB7; RSUH15; 80528; KLEB2; MGH_78578; KLEB10; KPUK02; L0644; 163895Q; L0747; 922221W; L1522; L0738; TW3; M6; K6310; KLEB3; KLEB4; 163862E; L1392; 16; CFI_110_OXA232; CFI_119_OXA48; CFI_147_OXA48; CFI_118_NDM1; KPUK01; CFI_128_NDM1; KPUK04a; NCTC_13443; CFI_146_OXA48; CFI_001_VIM1; KLEB14; KPTR8; KLEB13",""
"Roth87","PQ657828","","51851","capsule null","NCTC_7427","51851; NCTC_7427","h","Siphophage","198.58100000000002","64.588","CLC v23.0.1","BMKGene; Reseq-M Kit","49780","0.507","mtp28","OX335385.1","Webervirus","unclassified","Drexlerviridae","Caudoviricetes","Virulent","Undetermined; permutated","100","high","2","no","0","MDRT1; 51851; L0506; K6500; NCTC 7427; 164125A; 163862E; CFI_014_VIM4; 18; CFI_001_VIM1","KLEB11; 164413U/2; 163575R; NCTC_13368; L0240; KLEB12; 921530F; 1_1_55; KLEB5; 4_1_44FAA; K5962; ATCC_11296; CFI_127_NDM1; CFI_108_OXA181; 2660; 2619; 2609; 49856; MKP103; 46704; 45071; NCTC_13438; CFI_141_KPC3; KLEB9; L0549; KLEB6; K5864; 164121Y; 164358U; L0593; KLEB7; RSUH15; 80528; KLEB2; MGH_78578; KLEB10; KPUK02; L0644; 163895Q; L0747; 922221W; L1522; L0738; TW3; M6; K6310; KLEB3; KLEB4; L1392; 16; CFI_110_OXA232; CFI_119_OXA48; CFI_147_OXA48; CFI_118_NDM1; CFI_134_NDM1; KPUK01; CFI_128_NDM1; KPUK04a; NCTC_13443; CFI_146_OXA48; KLEB14; KPTR8; KLEB13","CFI_131_KPC2","KLEB12; MDRT1; 51851; L0506; NCTC 7427; CFI_134_NDM1; CFI_014_VIM4; 18; CFI_001_VIM1","KLEB11; 164413U/2; 163575R; NCTC_13368; L0240; 921530F; 1_1_55; KLEB5; 4_1_44FAA; K5962; ATCC_11296; CFI_127_NDM1; CFI_108_OXA181; 2660; 2619; 2609; 49856; CFI_131_KPC2; MKP103; 46704; 45071; NCTC_13438; CFI_141_KPC3; KLEB9; L0549; KLEB6; K6500; K5864; 164121Y; 164358U; L0593; KLEB7; RSUH15; 80528; KLEB2; MGH_78578; KLEB10; KPUK02; L0644; 163895Q; L0747; 922221W; L1522; L0738; TW3; M6; 164125A; K6310; KLEB3; KLEB4; L1392; 16; CFI_110_OXA232; CFI_119_OXA48; CFI_147_OXA48; CFI_118_NDM1; KPUK01; CFI_128_NDM1; KPUK04a; NCTC_13443; CFI_146_OXA48; KLEB14; KPTR8; KLEB13","163862E"
"Roth24","PQ657797","","18","capsule null","NCTC_7427","18; NCTC_7427","h","Siphophage","193.78","63.586","CLC v23.0.1","BMKGene; Reseq-M Kit","49780","0.5071","mtp28","OX335385.1","Webervirus","unclassified","Drexlerviridae","Caudoviricetes","Virulent","Undetermined; permutated","100","high","2","no","0","MDRT1; 51851; L0506; K6500; NCTC 7427; 163862E; CFI_134_NDM1; CFI_014_VIM4; 18; CFI_001_VIM1","KLEB11; 164413U/2; 163575R; NCTC_13368; L0240; KLEB12; 921530F; 1_1_55; KLEB5; 4_1_44FAA; K5962; ATCC_11296; CFI_127_NDM1; CFI_108_OXA181; 2660; 2619; 2609; 49856; CFI_131_KPC2; MKP103; 46704; 45071; NCTC_13438; CFI_141_KPC3; KLEB9; L0549; KLEB6; K5864; 164121Y; 164358U; L0593; KLEB7; RSUH15; 80528; KLEB2; MGH_78578; KLEB10; KPUK02; L0644; 163895Q; L0747; 922221W; L1522; L0738; TW3; M6; 164125A; K6310; KLEB4; L1392; 16; CFI_110_OXA232; CFI_119_OXA48; CFI_147_OXA48; CFI_118_NDM1; KPUK01; CFI_128_NDM1; KPUK04a; NCTC_13443; CFI_146_OXA48; KLEB14; KPTR8; KLEB13","KLEB3","KLEB12; MDRT1; 51851; L0506; K6500; NCTC 7427; CFI_134_NDM1; CFI_014_VIM4; 18; CFI_001_VIM1","KLEB11; 164413U/2; 163575R; NCTC_13368; L0240; 921530F; 1_1_55; KLEB5; 4_1_44FAA; K5962; ATCC_11296; CFI_127_NDM1; CFI_108_OXA181; 2660; 2619; 2609; 49856; CFI_131_KPC2; MKP103; 46704; 45071; NCTC_13438; CFI_141_KPC3; KLEB9; L0549; KLEB6; K5864; 164121Y; 164358U; L0593; KLEB7; RSUH15; 80528; KLEB2; MGH_78578; KLEB10; KPUK02; L0644; 163895Q; L0747; 922221W; L1522; L0738; TW3; M6; 164125A; K6310; KLEB3; KLEB4; L1392; 16; CFI_110_OXA232; CFI_119_OXA48; CFI_147_OXA48; CFI_118_NDM1; KPUK01; CFI_128_NDM1; KPUK04a; NCTC_13443; CFI_146_OXA48; KLEB14; KPTR8; KLEB13","163862E"
"Roth30","PQ657800","","CFI_014_VIM4","KL24","NCTC_7427","CFI_014_VIM4; NCTC_7427","sh","Siphophage","192.64000000000001","63.383","CLC v23.0.1","BMKGene; Reseq-M Kit","49780","0.507","mtp28","OX335385.1","Webervirus","unclassified","Drexlerviridae","Caudoviricetes","Virulent","Undetermined; permutated","100","high","2","no","0","MDRT1; 51851; L0506; K6500; NCTC 7427; 163862E; CFI_134_NDM1; CFI_014_VIM4; 18; CFI_001_VIM1","KLEB11; 164413U/2; 163575R; NCTC_13368; L0240; KLEB12; 921530F; 1_1_55; KLEB5; 4_1_44FAA; K5962; ATCC_11296; CFI_127_NDM1; CFI_108_OXA181; 2660; 2619; 2609; 49856; CFI_131_KPC2; MKP103; 46704; 45071; NCTC_13438; CFI_141_KPC3; KLEB9; L0549; KLEB6; K5864; 164121Y; 164358U; L0593; KLEB7; RSUH15; 80528; KLEB2; MGH_78578; KLEB10; KPUK02; L0644; 163895Q; L0747; 922221W; L1522; L0738; TW3; M6; 164125A; K6310; KLEB3; KLEB4; L1392; 16; CFI_110_OXA232; CFI_147_OXA48; CFI_118_NDM1; KPUK01; CFI_128_NDM1; KPUK04a; NCTC_13443; CFI_146_OXA48; KLEB14; KPTR8; KLEB13","CFI_119_OXA48","KLEB12; MDRT1; 51851; L0506; NCTC 7427; CFI_014_VIM4; 18","KLEB11; 164413U/2; 163575R; NCTC_13368; L0240; 921530F; 1_1_55; KLEB5; 4_1_44FAA; K5962; ATCC_11296; CFI_127_NDM1; CFI_108_OXA181; 2660; 2619; 2609; 49856; CFI_131_KPC2; MKP103; 46704; 45071; NCTC_13438; CFI_141_KPC3; KLEB9; L0549; KLEB6; K6500; K5864; 164121Y; 164358U; L0593; KLEB7; RSUH15; 80528; KLEB2; MGH_78578; KLEB10; KPUK02; L0644; 163895Q; L0747; 922221W; L1522; L0738; TW3; M6; 164125A; K6310; KLEB3; KLEB4; 163862E; L1392; 16; CFI_110_OXA232; CFI_119_OXA48; CFI_147_OXA48; CFI_118_NDM1; CFI_134_NDM1; KPUK01; CFI_128_NDM1; KPUK04a; NCTC_13443; CFI_146_OXA48; CFI_001_VIM1; KLEB14; KPTR8; KLEB13",""
"Roth44","PQ657807","representative phage","18","capsule null","NCTC_7427; 164125A","18; NCTC_7427; 164125A","h","Siphophage","180.65699999999998","60.595","Spades v3.15.3","BMKGene; Reseq-M Kit","49378","0.5071","NJS3","MH633486.1","Webervirus","unclassified","Drexlerviridae","Caudoviricetes","Virulent","Undetermined; permutated","99.6745434032957","high","1","no","gp_5_anti_RM/stp_1","MDRT1; 51851; NCTC 7427; CFI_014_VIM4; 18","KLEB11; 164413U/2; 163575R; NCTC_13368; L0240; KLEB12; 921530F; 1_1_55; KLEB5; 4_1_44FAA; K5962; ATCC_11296; CFI_127_NDM1; CFI_108_OXA181; 2660; 2619; 2609; 49856; CFI_131_KPC2; MKP103; 46704; 45071; NCTC_13438; CFI_141_KPC3; KLEB9; L0549; L0506; KLEB6; K6500; K5864; 164121Y; 164358U; L0593; KLEB7; RSUH15; 80528; KLEB2; MGH_78578; KLEB10; KPUK02; L0644; 163895Q; L0747; 922221W; L1522; L0738; TW3; M6; 164125A; K6310; KLEB3; KLEB4; 163862E; L1392; 16; CFI_110_OXA232; CFI_119_OXA48; CFI_147_OXA48; CFI_118_NDM1; CFI_134_NDM1; KPUK01; CFI_128_NDM1; KPUK04a; NCTC_13443; CFI_146_OXA48; CFI_001_VIM1; KLEB14; KPTR8; KLEB13","","KLEB12; MDRT1; 51851; NCTC 7427; 164125A; CFI_014_VIM4; 18","KLEB11; 164413U/2; 163575R; NCTC_13368; L0240; 921530F; 1_1_55; KLEB5; 4_1_44FAA; K5962; ATCC_11296; CFI_127_NDM1; CFI_108_OXA181; 2660; 2619; 2609; 49856; CFI_131_KPC2; MKP103; 46704; 45071; NCTC_13438; CFI_141_KPC3; KLEB9; L0549; L0506; KLEB6; K6500; K5864; 164121Y; 164358U; L0593; KLEB7; RSUH15; 80528; KLEB2; MGH_78578; KLEB10; KPUK02; L0644; 163895Q; L0747; 922221W; L1522; L0738; TW3; M6; K6310; KLEB3; KLEB4; 163862E; L1392; 16; CFI_110_OXA232; CFI_119_OXA48; CFI_147_OXA48; CFI_118_NDM1; CFI_134_NDM1; KPUK01; CFI_128_NDM1; KPUK04a; NCTC_13443; CFI_146_OXA48; CFI_001_VIM1; KLEB14; KPTR8; KLEB13",""
"Roth71","PQ657816","representative phage","51851","capsule null","NCTC_7427","51851; NCTC_7427","h","Siphophage","185.275","61.102","Spades v3.15.3","BMKGene; Reseq-M Kit","49148","0.5094","mtp17","OX335439.1","Webervirus","unclassified","Drexlerviridae","Caudoviricetes","Virulent","Undetermined; permutated","99.2090535454623","high","1","no","gp_5_anti_RM/stp_1","K5962; MDRT1; 51851; L0506; K6500; NCTC 7427; 164125A; CFI_014_VIM4; CFI_001_VIM1","KLEB11; 164413U/2; 163575R; NCTC_13368; L0240; KLEB12; 921530F; 1_1_55; KLEB5; 4_1_44FAA; ATCC_11296; CFI_127_NDM1; CFI_108_OXA181; 2660; 2619; 2609; 49856; CFI_131_KPC2; MKP103; 46704; 45071; NCTC_13438; CFI_141_KPC3; KLEB9; L0549; KLEB6; K5864; 164121Y; 164358U; L0593; KLEB7; RSUH15; 80528; KLEB2; MGH_78578; KLEB10; KPUK02; L0644; 163895Q; L0747; 922221W; L1522; L0738; TW3; M6; K6310; KLEB3; KLEB4; 163862E; L1392; 16; CFI_110_OXA232; CFI_119_OXA48; CFI_147_OXA48; CFI_118_NDM1; CFI_134_NDM1; KPUK01; 18; CFI_128_NDM1; KPUK04a; NCTC_13443; CFI_146_OXA48; KLEB14; KPTR8; KLEB13","","MDRT1; 51851; L0506; NCTC 7427; CFI_134_NDM1; CFI_014_VIM4","KLEB11; 164413U/2; 163575R; NCTC_13368; L0240; KLEB12; 921530F; 1_1_55; KLEB5; 4_1_44FAA; K5962; ATCC_11296; CFI_127_NDM1; CFI_108_OXA181; 2660; 2619; 2609; 49856; CFI_131_KPC2; MKP103; 46704; 45071; NCTC_13438; CFI_141_KPC3; KLEB9; L0549; KLEB6; K6500; K5864; 164121Y; 164358U; L0593; KLEB7; RSUH15; 80528; KLEB2; MGH_78578; KLEB10; KPUK02; L0644; 163895Q; L0747; 922221W; L1522; L0738; TW3; M6; 164125A; K6310; KLEB3; KLEB4; 163862E; L1392; 16; CFI_110_OXA232; CFI_119_OXA48; CFI_147_OXA48; CFI_118_NDM1; KPUK01; 18; CFI_128_NDM1; KPUK04a; NCTC_13443; CFI_146_OXA48; CFI_001_VIM1; KLEB14; KPTR8; KLEB13",""
"Roth84","PQ657826","","51851","capsule null","NCTC_7427; 164125A","51851; NCTC_7427; 164125A","h","Siphophage","180.505","64.621","CLC v23.0.1","BMKGene; Reseq-M Kit","49092","0.5093","Sanco phage","MK618657.1","Webervirus","unclassified","Drexlerviridae","Caudoviricetes","Virulent","Undetermined; permutated","99.0947087645945","high","1","no","gp_5_anti_RM/stp_1","MDRT1; 51851; L0506; K6500; NCTC 7427; 164125A; CFI_134_NDM1; CFI_014_VIM4; CFI_001_VIM1","KLEB11; 164413U/2; 163575R; NCTC_13368; L0240; KLEB12; 921530F; 1_1_55; KLEB5; 4_1_44FAA; K5962; ATCC_11296; CFI_127_NDM1; CFI_108_OXA181; 2660; 2619; 2609; 49856; CFI_131_KPC2; MKP103; 46704; 45071; NCTC_13438; CFI_141_KPC3; KLEB9; L0549; KLEB6; K5864; 164121Y; 164358U; L0593; KLEB7; RSUH15; 80528; KLEB2; MGH_78578; KLEB10; KPUK02; L0644; 163895Q; L0747; 922221W; L1522; L0738; TW3; M6; K6310; KLEB3; KLEB4; 163862E; L1392; 16; CFI_110_OXA232; CFI_119_OXA48; CFI_147_OXA48; CFI_118_NDM1; KPUK01; 18; CFI_128_NDM1; KPUK04a; NCTC_13443; CFI_146_OXA48; KLEB14; KPTR8; KLEB13","","MDRT1; 51851; L0506; NCTC 7427; 164125A; CFI_134_NDM1","KLEB11; 164413U/2; 163575R; NCTC_13368; L0240; KLEB12; 921530F; 1_1_55; KLEB5; 4_1_44FAA; K5962; ATCC_11296; CFI_127_NDM1; CFI_108_OXA181; 2660; 2619; 2609; 49856; CFI_131_KPC2; MKP103; 46704; 45071; NCTC_13438; CFI_141_KPC3; KLEB9; L0549; KLEB6; K6500; K5864; 164121Y; 164358U; L0593; KLEB7; RSUH15; 80528; KLEB2; MGH_78578; KLEB10; KPUK02; L0644; 163895Q; L0747; 922221W; L1522; L0738; TW3; M6; K6310; KLEB3; KLEB4; 163862E; L1392; 16; CFI_110_OXA232; CFI_119_OXA48; CFI_147_OXA48; CFI_118_NDM1; KPUK01; CFI_014_VIM4; 18; CFI_128_NDM1; KPUK04a; NCTC_13443; CFI_146_OXA48; CFI_001_VIM1; KLEB14; KPTR8; KLEB13",""
"Roth10","PQ657789","","MDRT1","capsule null","NCTC_7427; 164125A","MDRT1; NCTC_7427; 164125A","h","Siphophage","180.61700000000002","63.767","CLC v23.0.1","UKHSA; Nextera kit","49093","0.5092","Sanco phage","MK618657.1","Webervirus","unclassified","Drexlerviridae","Caudoviricetes","Virulent","NA","99.0965830292236","high","1","no","gp_5_anti_RM/stp_1","1_1_55; MDRT1; 51851; L0506; K6500; NCTC 7427; 164125A; CFI_134_NDM1; CFI_014_VIM4; CFI_001_VIM1","KLEB11; 164413U/2; 163575R; NCTC_13368; L0240; KLEB12; 921530F; KLEB5; 4_1_44FAA; K5962; ATCC_11296; CFI_127_NDM1; CFI_108_OXA181; 2660; 2619; 2609; 49856; CFI_131_KPC2; MKP103; 46704; 45071; NCTC_13438; CFI_141_KPC3; KLEB9; L0549; KLEB6; K5864; 164121Y; 164358U; L0593; KLEB7; RSUH15; 80528; KLEB2; MGH_78578; KLEB10; KPUK02; L0644; 163895Q; L0747; 922221W; L1522; L0738; TW3; M6; K6310; KLEB3; KLEB4; 163862E; L1392; 16; CFI_110_OXA232; CFI_119_OXA48; CFI_147_OXA48; CFI_118_NDM1; KPUK01; 18; CFI_128_NDM1; KPUK04a; NCTC_13443; CFI_146_OXA48; KLEB14; KPTR8; KLEB13","","MDRT1; 51851; L0506; NCTC 7427; 164125A; CFI_134_NDM1; CFI_014_VIM4; CFI_001_VIM1","KLEB11; 164413U/2; 163575R; NCTC_13368; L0240; KLEB12; 921530F; 1_1_55; KLEB5; 4_1_44FAA; K5962; ATCC_11296; CFI_127_NDM1; CFI_108_OXA181; 2660; 2619; 2609; 49856; CFI_131_KPC2; MKP103; 46704; 45071; CFI_141_KPC3; KLEB9; L0549; KLEB6; K6500; K5864; 164121Y; 164358U; L0593; KLEB7; RSUH15; 80528; KLEB2; MGH_78578; KLEB10; KPUK02; L0644; 163895Q; L0747; 922221W; L1522; L0738; TW3; M6; K6310; KLEB3; KLEB4; 163862E; L1392; 16; CFI_110_OXA232; CFI_119_OXA48; CFI_147_OXA48; CFI_118_NDM1; KPUK01; 18; CFI_128_NDM1; KPUK04a; NCTC_13443; CFI_146_OXA48; KLEB14; KPTR8; KLEB13","NCTC_13438"
"Roth83","PQ657825","","51851","capsule null","NCTC_7427; 164125A","51851; NCTC_7427; 164125A","h","Siphophage","159.16500000000002","67.207","CLC v23.0.1","UKHSA; Nextera kit","49077","0.5091","Sanco phage","MK618657.1","Webervirus","unclassified","Drexlerviridae","Caudoviricetes","Virulent","NA","99.0644315733629","high","1","no","gp_5_anti_RM/stp_1","164413U/2; MDRT1; 51851; L0506; K6500; NCTC 7427; 164125A; CFI_134_NDM1; CFI_014_VIM4; CFI_001_VIM1","KLEB11; 163575R; NCTC_13368; L0240; KLEB12; 921530F; 1_1_55; KLEB5; 4_1_44FAA; K5962; ATCC_11296; CFI_127_NDM1; CFI_108_OXA181; 2660; 2619; 2609; 49856; CFI_131_KPC2; MKP103; 46704; 45071; NCTC_13438; CFI_141_KPC3; KLEB9; L0549; KLEB6; K5864; 164121Y; 164358U; L0593; KLEB7; RSUH15; 80528; KLEB2; MGH_78578; KLEB10; KPUK02; L0644; 163895Q; L0747; 922221W; L1522; L0738; TW3; M6; K6310; KLEB3; KLEB4; L1392; 16; CFI_110_OXA232; CFI_119_OXA48; CFI_147_OXA48; CFI_118_NDM1; KPUK01; 18; CFI_128_NDM1; KPUK04a; NCTC_13443; CFI_146_OXA48; KLEB14; KPTR8; KLEB13","163862E","MDRT1; 51851; L0506; NCTC 7427; 164125A; CFI_134_NDM1; CFI_001_VIM1","KLEB11; 164413U/2; 163575R; NCTC_13368; L0240; KLEB12; 921530F; 1_1_55; KLEB5; 4_1_44FAA; K5962; ATCC_11296; CFI_127_NDM1; CFI_108_OXA181; 2660; 2619; 2609; 49856; CFI_131_KPC2; MKP103; 46704; 45071; NCTC_13438; CFI_141_KPC3; KLEB9; L0549; KLEB6; K6500; K5864; 164121Y; 164358U; L0593; KLEB7; RSUH15; 80528; KLEB2; MGH_78578; KLEB10; KPUK02; L0644; 163895Q; L0747; 922221W; L1522; L0738; TW3; M6; K6310; KLEB3; KLEB4; 163862E; L1392; 16; CFI_110_OXA232; CFI_119_OXA48; CFI_147_OXA48; CFI_118_NDM1; KPUK01; CFI_014_VIM4; 18; CFI_128_NDM1; KPUK04a; NCTC_13443; CFI_146_OXA48; KLEB14; KPTR8; KLEB13",""
"Roth09","PQ657788","","MDRT1","capsule null","NCTC_7427; 164125A","MDRT1; NCTC_7427; 164125A","h","Siphophage","174.8495","63.516","CLC v23.0.1","BMKGene; Reseq-M Kit","49110","0.5092","Sanco phage","MK618657.1","Webervirus","unclassified","Drexlerviridae","Caudoviricetes","Virulent","Undetermined; permutated","99.14352651","high","1","no","gp_5_anti_RM/stp_1","MDRT1; 51851; L0506; K6500; NCTC 7427; 164125A; CFI_134_NDM1; CFI_014_VIM4; CFI_001_VIM1","KLEB11; 164413U/2; 163575R; NCTC_13368; L0240; KLEB12; 921530F; 1_1_55; KLEB5; 4_1_44FAA; K5962; ATCC_11296; CFI_127_NDM1; CFI_108_OXA181; 2660; 2619; 2609; 49856; CFI_131_KPC2; MKP103; 46704; 45071; NCTC_13438; CFI_141_KPC3; KLEB9; L0549; KLEB6; K5864; 164121Y; 164358U; L0593; KLEB7; RSUH15; 80528; KLEB2; MGH_78578; KLEB10; KPUK02; L0644; 163895Q; L0747; 922221W; L1522; L0738; TW3; M6; K6310; KLEB3; KLEB4; 163862E; L1392; 16; CFI_110_OXA232; CFI_119_OXA48; CFI_147_OXA48; CFI_118_NDM1; KPUK01; 18; CFI_128_NDM1; KPUK04a; NCTC_13443; CFI_146_OXA48; KLEB14; KPTR8; KLEB13","","MDRT1; 51851; L0506; NCTC 7427; 164125A; CFI_134_NDM1","KLEB11; 164413U/2; 163575R; NCTC_13368; L0240; KLEB12; 921530F; 1_1_55; KLEB5; 4_1_44FAA; K5962; ATCC_11296; CFI_127_NDM1; CFI_108_OXA181; 2660; 2619; 2609; 49856; CFI_131_KPC2; MKP103; 46704; 45071; NCTC_13438; CFI_141_KPC3; KLEB9; L0549; KLEB6; K6500; K5864; 164121Y; 164358U; L0593; KLEB7; RSUH15; 80528; KLEB2; MGH_78578; KLEB10; KPUK02; L0644; 163895Q; L0747; 922221W; L1522; L0738; TW3; M6; K6310; KLEB3; KLEB4; 163862E; L1392; 16; CFI_110_OXA232; CFI_119_OXA48; CFI_147_OXA48; CFI_118_NDM1; KPUK01; CFI_014_VIM4; 18; CFI_128_NDM1; KPUK04a; NCTC_13443; CFI_146_OXA48; CFI_001_VIM1; KLEB14; KPTR8; KLEB13",""
"Roth93","PQ657831","representative phage","CFI_001_VIM1","capsule null","NCTC_7427; 164125A","CFI_001_VIM1; NCTC_7427; 164125A","h","Siphophage","169.934","62.92","CLC v23.0.1","BMKGene; Reseq-M Kit","49566","0.5059","PWKp14","MZ634345.1","Webervirus","unclassified","Drexlerviridae","Caudoviricetes","Virulent","Undetermined; permutated","100","high","1","no","gp_5_anti_RM/stp_1","MDRT1; 51851; L0506; K6500; NCTC 7427; L1522; 164125A; CFI_134_NDM1; CFI_014_VIM4; 18; CFI_001_VIM1","KLEB11; 163575R; NCTC_13368; L0240; 921530F; 1_1_55; KLEB5; 4_1_44FAA; K5962; ATCC_11296; CFI_127_NDM1; CFI_108_OXA181; 2660; 2619; 2609; 49856; CFI_131_KPC2; MKP103; 46704; 45071; NCTC_13438; CFI_141_KPC3; KLEB9; L0549; KLEB6; K5864; 164121Y; 164358U; L0593; KLEB7; RSUH15; 80528; KLEB2; MGH_78578; KLEB10; KPUK02; L0644; 163895Q; L0747; 922221W; L0738; TW3; M6; K6310; KLEB3; KLEB4; L1392; 16; CFI_110_OXA232; CFI_119_OXA48; CFI_147_OXA48; CFI_118_NDM1; KPUK01; CFI_128_NDM1; KPUK04a; NCTC_13443; CFI_146_OXA48; KLEB14; KPTR8; KLEB13","164413U/2; KLEB12; 163862E","KLEB12; MDRT1; 51851; L0506; NCTC 7427; 164125A; CFI_134_NDM1; CFI_001_VIM1","KLEB11; 164413U/2; 163575R; NCTC_13368; L0240; 921530F; 1_1_55; KLEB5; 4_1_44FAA; K5962; ATCC_11296; CFI_127_NDM1; CFI_108_OXA181; 2660; 2619; 2609; 49856; CFI_131_KPC2; MKP103; 46704; 45071; NCTC_13438; CFI_141_KPC3; KLEB9; L0549; KLEB6; K6500; K5864; 164121Y; 164358U; L0593; KLEB7; RSUH15; 80528; KLEB2; MGH_78578; KLEB10; KPUK02; L0644; 163895Q; L0747; 922221W; L1522; L0738; TW3; M6; K6310; KLEB3; KLEB4; 163862E; L1392; 16; CFI_110_OXA232; CFI_119_OXA48; CFI_147_OXA48; CFI_118_NDM1; KPUK01; CFI_014_VIM4; 18; CFI_128_NDM1; KPUK04a; NCTC_13443; CFI_146_OXA48; KLEB14; KPTR8; KLEB13",""
"Roth85","PQ657827","representative phage","51851","capsule null","NCTC_7427; 164125A","51851; NCTC_7427; 164125A","h","Siphophage","177.385","65.096","CLC v23.0.1","BMKGene; Reseq-M Kit","49781","0.506","Sushi","NC_028774.1","Webervirus","unclassified","Drexlerviridae","Caudoviricetes","Virulent","Undetermined; permutated","100","high","1","no","gp_5_anti_RM/stp_1","MDRT1; 51851; L0506; K6500; NCTC 7427; 164125A; CFI_134_NDM1; CFI_014_VIM4; CFI_001_VIM1","KLEB11; 164413U/2; 163575R; NCTC_13368; L0240; KLEB12; 921530F; 1_1_55; KLEB5; 4_1_44FAA; K5962; ATCC_11296; CFI_127_NDM1; CFI_108_OXA181; 2660; 2619; 2609; 49856; CFI_131_KPC2; MKP103; 46704; 45071; NCTC_13438; CFI_141_KPC3; KLEB9; L0549; KLEB6; K5864; 164121Y; 164358U; L0593; KLEB7; RSUH15; 80528; KLEB2; MGH_78578; KLEB10; KPUK02; L0644; 163895Q; L0747; 922221W; L1522; L0738; TW3; M6; K6310; KLEB3; KLEB4; 163862E; L1392; 16; CFI_110_OXA232; CFI_119_OXA48; CFI_147_OXA48; CFI_118_NDM1; KPUK01; 18; CFI_128_NDM1; KPUK04a; NCTC_13443; CFI_146_OXA48; KLEB14; KPTR8; KLEB13","","KLEB12; MDRT1; 51851; L0506; NCTC 7427; 164125A; CFI_134_NDM1; CFI_014_VIM4; CFI_001_VIM1","KLEB11; 163575R; NCTC_13368; L0240; 921530F; 1_1_55; KLEB5; 4_1_44FAA; K5962; ATCC_11296; CFI_127_NDM1; CFI_108_OXA181; 2660; 2619; 2609; CFI_131_KPC2; MKP103; 46704; 45071; CFI_141_KPC3; KLEB9; L0549; KLEB6; K6500; K5864; 164121Y; 164358U; L0593; KLEB7; RSUH15; 80528; KLEB2; MGH_78578; KLEB10; KPUK02; L0644; 163895Q; L0747; 922221W; L1522; L0738; TW3; M6; K6310; KLEB3; KLEB4; L1392; 16; CFI_110_OXA232; CFI_119_OXA48; CFI_147_OXA48; CFI_118_NDM1; KPUK01; 18; CFI_128_NDM1; KPUK04a; NCTC_13443; CFI_146_OXA48; KLEB14; KPTR8; KLEB13","164413U/2; 49856; NCTC_13438; 163862E"
"Roth61","PQ657812","","CFI_014_VIM4","KL24","NCTC_7427; 164125A","CFI_014_VIM4; NCTC_7427; 164125A","m","Siphophage","184.385","62.284","Spades v3.15.3","UKHSA; Nextera kit","49858","0.5059","PWKp14","MZ634345.1","Webervirus","unclassified","Drexlerviridae","Caudoviricetes","Virulent","NA","100","high","1","no","gp_5_anti_RM/stp_1","MDRT1; 51851; L0506; K6500; NCTC 7427; 164125A; CFI_014_VIM4; CFI_001_VIM1","KLEB11; 164413U/2; 163575R; NCTC_13368; L0240; KLEB12; 921530F; 1_1_55; KLEB5; 4_1_44FAA; K5962; ATCC_11296; CFI_127_NDM1; CFI_108_OXA181; 2660; 2619; 2609; 49856; CFI_131_KPC2; MKP103; 46704; 45071; NCTC_13438; CFI_141_KPC3; KLEB9; L0549; KLEB6; K5864; 164121Y; 164358U; L0593; KLEB7; RSUH15; 80528; KLEB2; MGH_78578; KLEB10; KPUK02; L0644; 163895Q; L0747; 922221W; L1522; L0738; TW3; M6; K6310; KLEB3; KLEB4; 163862E; L1392; 16; CFI_110_OXA232; CFI_119_OXA48; CFI_147_OXA48; CFI_118_NDM1; CFI_134_NDM1; KPUK01; 18; CFI_128_NDM1; KPUK04a; NCTC_13443; CFI_146_OXA48; KLEB14; KPTR8; KLEB13","","MDRT1; 51851; L0506; NCTC 7427; 164125A; CFI_134_NDM1; CFI_014_VIM4; CFI_001_VIM1","KLEB11; 164413U/2; 163575R; NCTC_13368; L0240; KLEB12; 921530F; 1_1_55; KLEB5; 4_1_44FAA; K5962; ATCC_11296; CFI_127_NDM1; CFI_108_OXA181; 2660; 2619; 2609; 49856; CFI_131_KPC2; MKP103; 46704; 45071; NCTC_13438; CFI_141_KPC3; KLEB9; L0549; KLEB6; K6500; K5864; 164121Y; 164358U; L0593; KLEB7; RSUH15; 80528; KLEB2; MGH_78578; KLEB10; KPUK02; L0644; 163895Q; L0747; 922221W; L1522; L0738; TW3; M6; K6310; KLEB3; KLEB4; 163862E; L1392; 16; CFI_110_OXA232; CFI_119_OXA48; CFI_147_OXA48; CFI_118_NDM1; KPUK01; 18; CFI_128_NDM1; KPUK04a; NCTC_13443; CFI_146_OXA48; KLEB14; KPTR8; KLEB13",""
"Roth47","PQ657808","","CFI_134_NDM-1","KL112 / capsule null (exp.)","NCTC_7427; 164125A","CFI_134_NDM-1; NCTC_7427; 164125A","sh","Siphophage","214.68099999999998","63.89125","Spades v3.15.3","UKHSA; Nextera kit","49858","0.5058","PhiKpNIH-10","MN395285.1","Webervirus","unclassified","Drexlerviridae","Caudoviricetes","Virulent","NA","100","high","1","no","gp_5_anti_RM/stp_1","MDRT1; 51851; L0506; K6500; NCTC 7427; 164125A; KLEB4; CFI_134_NDM1; CFI_014_VIM4; CFI_001_VIM1","KLEB11; 164413U/2; 163575R; NCTC_13368; L0240; KLEB12; 921530F; 1_1_55; KLEB5; 4_1_44FAA; K5962; ATCC_11296; CFI_127_NDM1; CFI_108_OXA181; 2660; 2619; 2609; 49856; CFI_131_KPC2; MKP103; 46704; 45071; NCTC_13438; CFI_141_KPC3; KLEB9; L0549; KLEB6; K5864; 164121Y; 164358U; L0593; KLEB7; RSUH15; 80528; KLEB2; MGH_78578; KLEB10; KPUK02; L0644; 163895Q; L0747; 922221W; L1522; L0738; TW3; M6; K6310; KLEB3; L1392; 16; CFI_110_OXA232; CFI_119_OXA48; CFI_147_OXA48; CFI_118_NDM1; KPUK01; 18; CFI_128_NDM1; KPUK04a; NCTC_13443; CFI_146_OXA48; KLEB14; KPTR8; KLEB13","163862E","KLEB12; 51851; L0506; K6500; NCTC 7427; 164125A; CFI_134_NDM1","KLEB11; 164413U/2; 163575R; NCTC_13368; L0240; 921530F; 1_1_55; KLEB5; 4_1_44FAA; K5962; ATCC_11296; CFI_127_NDM1; CFI_108_OXA181; 2660; 2619; MDRT1; 2609; 49856; CFI_131_KPC2; MKP103; 46704; 45071; NCTC_13438; CFI_141_KPC3; KLEB9; L0549; KLEB6; K5864; 164121Y; 164358U; L0593; KLEB7; RSUH15; 80528; KLEB2; MGH_78578; KLEB10; KPUK02; L0644; 163895Q; L0747; 922221W; L1522; L0738; TW3; M6; K6310; KLEB3; KLEB4; 163862E; L1392; 16; CFI_110_OXA232; CFI_119_OXA48; CFI_147_OXA48; CFI_118_NDM1; KPUK01; CFI_014_VIM4; 18; CFI_128_NDM1; KPUK04a; NCTC_13443; CFI_146_OXA48; CFI_001_VIM1; KLEB14; KPTR8; KLEB13",""
"Roth96","PQ657832","","CFI_001_VIM1","capsule null","NCTC_7427; 164125A","CFI_001_VIM1; NCTC_7427; 164125A","h","Siphophage","210.1495","69.119","CLC v23.0.1","BMKGene; Reseq-M Kit","49781","0.5059","Sushi","NC_028774.1","Webervirus","unclassified","Drexlerviridae","Caudoviricetes","Virulent","Undetermined; permutated","100","high","1","no","gp_5_anti_RM/stp_1","MDRT1; 51851; L0506; K6500; NCTC 7427; 164125A; CFI_134_NDM1; CFI_014_VIM4; CFI_001_VIM1","KLEB11; 163575R; NCTC_13368; L0240; 921530F; 1_1_55; KLEB5; 4_1_44FAA; K5962; ATCC_11296; CFI_127_NDM1; 2660; 2619; 2609; 49856; CFI_131_KPC2; MKP103; 46704; 45071; NCTC_13438; CFI_141_KPC3; KLEB9; L0549; KLEB6; K5864; 164121Y; 164358U; L0593; KLEB7; RSUH15; 80528; KLEB2; MGH_78578; KLEB10; KPUK02; L0644; 163895Q; L0747; 922221W; L1522; L0738; TW3; M6; K6310; KLEB3; KLEB4; L1392; 16; CFI_110_OXA232; CFI_119_OXA48; CFI_147_OXA48; CFI_118_NDM1; KPUK01; 18; CFI_128_NDM1; KPUK04a; NCTC_13443; CFI_146_OXA48; KLEB14; KPTR8; KLEB13","164413U/2; KLEB12; CFI_108_OXA181; 163862E","KLEB12; 51851; L0506; K6500; NCTC 7427; 164125A; CFI_134_NDM1; CFI_001_VIM1","KLEB11; 164413U/2; 163575R; NCTC_13368; L0240; 921530F; 1_1_55; KLEB5; 4_1_44FAA; K5962; ATCC_11296; CFI_127_NDM1; CFI_108_OXA181; 2660; 2619; MDRT1; 2609; 49856; CFI_131_KPC2; MKP103; 46704; 45071; NCTC_13438; CFI_141_KPC3; KLEB9; L0549; KLEB6; K5864; 164121Y; 164358U; L0593; KLEB7; RSUH15; 80528; KLEB2; MGH_78578; KLEB10; KPUK02; L0644; 163895Q; L0747; 922221W; L1522; L0738; TW3; M6; K6310; KLEB3; KLEB4; 163862E; L1392; 16; CFI_110_OXA232; CFI_119_OXA48; CFI_147_OXA48; CFI_118_NDM1; KPUK01; CFI_014_VIM4; 18; CFI_128_NDM1; KPUK04a; NCTC_13443; CFI_146_OXA48; KLEB14; KPTR8; KLEB13",""
"Roth72","PQ657817","","51851","capsule null","NCTC_7427; 164125A","51851; NCTC_7427; 164125A","h","Siphophage","142.656","64.595","CLC v23.0.1","UKHSA; Nextera kit","49783","0.5059","Sushi","NC_028774.1","Webervirus","unclassified","Drexlerviridae","Caudoviricetes","Virulent","NA","100","high","1","no","gp_5_anti_RM/stp_1","MDRT1; 51851; L0506; K6500; NCTC 7427; 164125A; CFI_134_NDM1; CFI_014_VIM4; CFI_001_VIM1","KLEB11; 164413U/2; 163575R; NCTC_13368; L0240; KLEB12; 921530F; 1_1_55; KLEB5; 4_1_44FAA; K5962; ATCC_11296; CFI_127_NDM1; CFI_108_OXA181; 2660; 2619; 2609; 49856; CFI_131_KPC2; MKP103; 46704; 45071; NCTC_13438; CFI_141_KPC3; KLEB9; L0549; KLEB6; K5864; 164121Y; 164358U; L0593; KLEB7; RSUH15; 80528; KLEB2; MGH_78578; KLEB10; KPUK02; L0644; 163895Q; L0747; 922221W; L1522; L0738; TW3; M6; K6310; KLEB3; KLEB4; 163862E; L1392; 16; CFI_110_OXA232; CFI_119_OXA48; CFI_147_OXA48; CFI_118_NDM1; KPUK01; 18; CFI_128_NDM1; KPUK04a; NCTC_13443; CFI_146_OXA48; KLEB14; KPTR8; KLEB13","","KLEB12; 51851; L0506; NCTC 7427; 164125A; CFI_134_NDM1; CFI_014_VIM4","KLEB11; 164413U/2; 163575R; NCTC_13368; L0240; 921530F; 1_1_55; KLEB5; 4_1_44FAA; K5962; ATCC_11296; CFI_127_NDM1; CFI_108_OXA181; 2660; 2619; MDRT1; 2609; 49856; CFI_131_KPC2; MKP103; 46704; 45071; NCTC_13438; CFI_141_KPC3; KLEB9; L0549; KLEB6; K6500; K5864; 164121Y; 164358U; L0593; KLEB7; RSUH15; 80528; KLEB2; MGH_78578; KLEB10; KPUK02; L0644; 163895Q; L0747; 922221W; L1522; L0738; TW3; M6; K6310; KLEB3; KLEB4; 163862E; L1392; 16; CFI_110_OXA232; CFI_119_OXA48; CFI_147_OXA48; CFI_118_NDM1; KPUK01; 18; CFI_128_NDM1; KPUK04a; NCTC_13443; CFI_146_OXA48; CFI_001_VIM1; KLEB14; KPTR8; KLEB13",""
"RothD","PP934564","representative phage","80528","KL21","L0240; 80528","80528; L0240; 80528","sh","Myophage","96.114","73.489","CLC v23.0.1","UKHSA; Nextera kit","46356","0.531","ctljz2","BK029112","Nakavirus","Maevirinae","Felixviridae","Caudoviricetes","Temperate","NA","100","high","1","no","0","L0240; ATCC_11296; 80528","KLEB11; 164413U/2; 163575R; NCTC_13368; KLEB12; 921530F; 1_1_55; KLEB5; 4_1_44FAA; K5962; CFI_127_NDM1; CFI_108_OXA181; 2660; 2619; MDRT1; 2609; 49856; CFI_131_KPC2; MKP103; 46704; 45071; NCTC_13438; CFI_141_KPC3; 51851; KLEB9; L0549; L0506; KLEB6; K6500; K5864; 164121Y; 164358U; L0593; KLEB7; RSUH15; KLEB2; MGH_78578; KLEB10; NCTC 7427; KPUK02; L0644; 163895Q; L0747; 922221W; L1522; L0738; TW3; M6; 164125A; K6310; KLEB3; KLEB4; 163862E; L1392; 16; CFI_110_OXA232; CFI_119_OXA48; CFI_147_OXA48; CFI_118_NDM1; CFI_134_NDM1; KPUK01; CFI_014_VIM4; 18; CFI_128_NDM1; KPUK04a; NCTC_13443; CFI_146_OXA48; CFI_001_VIM1; KLEB14; KPTR8; KLEB13","","L0240; RSUH15; 80528","KLEB11; 164413U/2; 163575R; NCTC_13368; KLEB12; 921530F; 1_1_55; KLEB5; 4_1_44FAA; K5962; ATCC_11296; CFI_127_NDM1; CFI_108_OXA181; 2660; 2619; MDRT1; 2609; 49856; CFI_131_KPC2; MKP103; 46704; 45071; NCTC_13438; CFI_141_KPC3; 51851; KLEB9; L0549; L0506; KLEB6; K6500; K5864; 164121Y; 164358U; L0593; KLEB7; KLEB2; MGH_78578; KLEB10; NCTC 7427; KPUK02; L0644; 163895Q; L0747; 922221W; L1522; L0738; TW3; M6; 164125A; K6310; KLEB3; KLEB4; 163862E; L1392; 16; CFI_110_OXA232; CFI_119_OXA48; CFI_147_OXA48; CFI_118_NDM1; CFI_134_NDM1; KPUK01; CFI_014_VIM4; 18; CFI_128_NDM1; KPUK04a; NCTC_13443; CFI_146_OXA48; CFI_001_VIM1; KLEB14; KPTR8; KLEB13",""
"Roth32","PQ657801","representative phage","M6","KL1","M6","M6; M6","h","Podophage","11.137","62.703","CLC v23.0.1","BMKGene; Reseq-M Kit","46047","0.4574","ctv153","BK053361.1","Gajwadongvirus","unclassified","unclassified","Caudoviricetes","Virulent","DTR (short)","100","high","2","yes (1)","0","MDRT1; M6","KLEB11; 164413U/2; 163575R; NCTC_13368; L0240; KLEB12; 921530F; 1_1_55; KLEB5; 4_1_44FAA; K5962; ATCC_11296; CFI_127_NDM1; CFI_108_OXA181; 2660; 2619; 2609; 49856; CFI_131_KPC2; MKP103; 46704; 45071; NCTC_13438; CFI_141_KPC3; 51851; KLEB9; L0549; L0506; KLEB6; K6500; K5864; 164121Y; 164358U; L0593; KLEB7; RSUH15; 80528; KLEB2; MGH_78578; KLEB10; NCTC 7427; KPUK02; L0644; 163895Q; L0747; 922221W; L1522; L0738; TW3; 164125A; K6310; KLEB3; KLEB4; 163862E; L1392; 16; CFI_110_OXA232; CFI_119_OXA48; CFI_147_OXA48; CFI_118_NDM1; CFI_134_NDM1; KPUK01; CFI_014_VIM4; 18; CFI_128_NDM1; KPUK04a; NCTC_13443; CFI_146_OXA48; CFI_001_VIM1; KLEB14; KPTR8; KLEB13","","M6","KLEB11; 164413U/2; 163575R; NCTC_13368; L0240; KLEB12; 921530F; 1_1_55; KLEB5; 4_1_44FAA; K5962; ATCC_11296; CFI_127_NDM1; CFI_108_OXA181; 2660; 2619; MDRT1; 2609; 49856; CFI_131_KPC2; MKP103; 46704; 45071; NCTC_13438; CFI_141_KPC3; 51851; KLEB9; L0549; L0506; KLEB6; K6500; K5864; 164121Y; 164358U; L0593; KLEB7; RSUH15; 80528; KLEB2; MGH_78578; KLEB10; NCTC 7427; KPUK02; L0644; 163895Q; L0747; 922221W; L1522; L0738; TW3; 164125A; K6310; KLEB3; KLEB4; 163862E; L1392; 16; CFI_110_OXA232; CFI_119_OXA48; CFI_147_OXA48; CFI_118_NDM1; CFI_134_NDM1; KPUK01; CFI_014_VIM4; 18; CFI_128_NDM1; KPUK04a; NCTC_13443; CFI_146_OXA48; CFI_001_VIM1; KLEB14; KPTR8; KLEB13",""
"RothG","PQ657833","representative phage","RSUH15","KL21","L0240","RSUH15; L0240","h","Podophage","11.151","56.048","CLC v23.0.1","UKHSA; Nextera kit","43182","0.5387","vB_Ko_K66PH128C1","OY757062.1","Drulisvirus","Slopekvirinae","Autoscriptoviridae","Caudoviricetes","Virulent","NA","98.3661598913662","high","2","yes (1)","0","L0240; ATCC_11296; RSUH15","KLEB11; 164413U/2; 163575R; NCTC_13368; KLEB12; 921530F; 1_1_55; KLEB5; 4_1_44FAA; K5962; CFI_127_NDM1; CFI_108_OXA181; 2660; 2619; MDRT1; 2609; 49856; CFI_131_KPC2; MKP103; 46704; 45071; NCTC_13438; CFI_141_KPC3; 51851; KLEB9; L0549; L0506; KLEB6; K6500; K5864; 164121Y; 164358U; L0593; KLEB7; KLEB2; MGH_78578; NCTC 7427; KPUK02; L0644; 163895Q; L0747; 922221W; L1522; L0738; TW3; M6; 164125A; K6310; KLEB3; KLEB4; 163862E; L1392; 16; CFI_110_OXA232; CFI_119_OXA48; CFI_147_OXA48; CFI_118_NDM1; CFI_134_NDM1; KPUK01; CFI_014_VIM4; 18; CFI_128_NDM1; KPUK04a; NCTC_13443; CFI_146_OXA48; CFI_001_VIM1; KLEB14; KPTR8; KLEB13","80528; KLEB10","L0240; RSUH15","KLEB11; 164413U/2; 163575R; NCTC_13368; KLEB12; 921530F; 1_1_55; KLEB5; 4_1_44FAA; K5962; CFI_127_NDM1; CFI_108_OXA181; 2660; 2619; MDRT1; 2609; 49856; CFI_131_KPC2; MKP103; 46704; 45071; NCTC_13438; CFI_141_KPC3; 51851; KLEB9; L0549; L0506; KLEB6; K6500; K5864; 164121Y; 164358U; L0593; KLEB7; KLEB2; MGH_78578; KLEB10; NCTC 7427; KPUK02; L0644; 163895Q; L0747; 922221W; L1522; L0738; TW3; M6; 164125A; K6310; KLEB3; KLEB4; 163862E; L1392; 16; CFI_110_OXA232; CFI_119_OXA48; CFI_147_OXA48; CFI_118_NDM1; CFI_134_NDM1; KPUK01; CFI_014_VIM4; 18; CFI_128_NDM1; KPUK04a; NCTC_13443; CFI_146_OXA48; CFI_001_VIM1; KLEB14; KPTR8; KLEB13","ATCC_11296; 80528"
"RothJ","PQ657835","representative phage","RSUH15","KL21","L0240","RSUH15; L0240","sh","Podophage","11.501","58.641","CLC v23.0.1","UKHSA; Nextera kit","43534","0.5385","vB_Ko_K66PH128C1","OY757062.1","Drulisvirus","Slopekvirinae","Autoscriptoviridae","Caudoviricetes","Virulent","NA","99.1672721055184","high","2","yes (1)","0","RSUH15","KLEB11; 164413U/2; 163575R; NCTC_13368; KLEB12; 921530F; 1_1_55; KLEB5; 4_1_44FAA; K5962; CFI_127_NDM1; CFI_108_OXA181; 2660; 2619; MDRT1; 2609; 49856; CFI_131_KPC2; MKP103; 46704; 45071; NCTC_13438; CFI_141_KPC3; 51851; KLEB9; L0549; L0506; KLEB6; K6500; K5864; 164121Y; 164358U; L0593; KLEB7; KLEB2; MGH_78578; KLEB10; NCTC 7427; KPUK02; L0644; 163895Q; L0747; 922221W; L1522; L0738; TW3; M6; 164125A; K6310; KLEB3; KLEB4; 163862E; L1392; 16; CFI_110_OXA232; CFI_119_OXA48; CFI_147_OXA48; CFI_118_NDM1; CFI_134_NDM1; KPUK01; CFI_014_VIM4; 18; CFI_128_NDM1; KPUK04a; NCTC_13443; CFI_146_OXA48; CFI_001_VIM1; KLEB14; KPTR8; KLEB13","L0240; ATCC_11296; 80528","RSUH15","KLEB11; 164413U/2; 163575R; NCTC_13368; KLEB12; 921530F; 1_1_55; KLEB5; 4_1_44FAA; K5962; CFI_127_NDM1; CFI_108_OXA181; 2660; 2619; MDRT1; 2609; 49856; CFI_131_KPC2; MKP103; 46704; 45071; NCTC_13438; CFI_141_KPC3; 51851; KLEB9; L0549; L0506; KLEB6; K6500; K5864; 164121Y; 164358U; L0593; KLEB7; KLEB2; MGH_78578; KLEB10; NCTC 7427; KPUK02; L0644; 163895Q; L0747; 922221W; L1522; L0738; TW3; M6; 164125A; K6310; KLEB3; KLEB4; 163862E; L1392; 16; CFI_110_OXA232; CFI_119_OXA48; CFI_147_OXA48; CFI_118_NDM1; CFI_134_NDM1; KPUK01; CFI_014_VIM4; 18; CFI_128_NDM1; KPUK04a; NCTC_13443; CFI_146_OXA48; CFI_001_VIM1; KLEB14; KPTR8; KLEB13","L0240; ATCC_11296; 80528"
"RothI","PQ657834","","RSUH15","KL21","L0240","RSUH15; L0240","h","Podophage","10.01","62.043","CLC v23.0.1","UKHSA; Nextera kit","43534","0.5386","vB_Ko_K66PH128C1","OY757062.1","Drulisvirus","Slopekvirinae","Autoscriptoviridae","Caudoviricetes","Virulent","NA","99.1674641332131","high","2","yes (1)","0","ATCC_11296; RSUH15","KLEB11; 164413U/2; 163575R; NCTC_13368; L0240; KLEB12; 921530F; 1_1_55; KLEB5; 4_1_44FAA; K5962; CFI_127_NDM1; CFI_108_OXA181; 2660; 2619; MDRT1; 2609; 49856; CFI_131_KPC2; MKP103; 46704; 45071; NCTC_13438; CFI_141_KPC3; 51851; KLEB9; L0549; L0506; KLEB6; K6500; K5864; 164121Y; 164358U; L0593; KLEB7; 80528; KLEB2; MGH_78578; KLEB10; NCTC 7427; KPUK02; L0644; 163895Q; L0747; 922221W; L1522; L0738; TW3; M6; 164125A; K6310; KLEB3; KLEB4; 163862E; L1392; 16; CFI_110_OXA232; CFI_119_OXA48; CFI_147_OXA48; CFI_118_NDM1; CFI_134_NDM1; KPUK01; CFI_014_VIM4; 18; CFI_128_NDM1; KPUK04a; NCTC_13443; CFI_146_OXA48; CFI_001_VIM1; KLEB14; KPTR8; KLEB13","","L0240; 921530F; RSUH15","KLEB11; 164413U/2; 163575R; NCTC_13368; KLEB12; 1_1_55; KLEB5; 4_1_44FAA; K5962; CFI_127_NDM1; CFI_108_OXA181; 2660; 2619; MDRT1; 2609; 49856; CFI_131_KPC2; MKP103; 46704; 45071; NCTC_13438; CFI_141_KPC3; 51851; KLEB9; L0549; L0506; KLEB6; K6500; K5864; 164121Y; 164358U; L0593; KLEB7; KLEB2; MGH_78578; KLEB10; NCTC 7427; KPUK02; L0644; 163895Q; L0747; 922221W; L1522; L0738; TW3; M6; 164125A; K6310; KLEB3; KLEB4; 163862E; L1392; 16; CFI_110_OXA232; CFI_119_OXA48; CFI_147_OXA48; CFI_118_NDM1; CFI_134_NDM1; KPUK01; CFI_014_VIM4; 18; CFI_128_NDM1; KPUK04a; NCTC_13443; CFI_146_OXA48; CFI_001_VIM1; KLEB14; KPTR8; KLEB13","ATCC_11296; 80528"
"Roth88","PQ657829","representative phage","NCTC 13443","KL2","NCTC_7427; 164125A; 164413U/2","NCTC 13443; NCTC_7427; 164125A; 164413U/2","s","Myophage","129.754","106.615","Spades v3.15.3","BMKGene; Reseq-M Kit","174596","0.4191","KpnM_VAC13","MZ322895.1","Slopekvirus","unclassified","Straboviridae","Caudoviricetes","Virulent","Undetermined; permutated","97.9963103672891","high","2","no","gp_84_anti_CBASS/acb2_2; gp_186_anti_CBASS/acb1_1; gp_243_anti_RM/dam_3","KLEB11; 164413U/2; KLEB12; KLEB5; K5962; CFI_108_OXA181; MDRT1; 2609; KLEB6; K6500; 164121Y; KLEB2; NCTC 7427; L1522; M6; 164125A; KLEB4; L1392; CFI_134_NDM1; CFI_014_VIM4; 18; KPUK04a; NCTC_13443; CFI_001_VIM1; KLEB14","NCTC_13368; 921530F; 4_1_44FAA; CFI_127_NDM1; 2660; 2619; 49856; MKP103; 46704; 45071; CFI_141_KPC3; KLEB9; L0549; K5864; KLEB7; MGH_78578; KLEB10; KPUK02; L0644; 163895Q; L0747; 922221W; L0738; TW3; K6310; 16; CFI_110_OXA232; CFI_119_OXA48; CFI_147_OXA48; CFI_118_NDM1; KPUK01; CFI_146_OXA48; KPTR8; KLEB13","163575R; L0240; 1_1_55; ATCC_11296; CFI_131_KPC2; NCTC_13438; 51851; L0506; 164358U; L0593; RSUH15; 80528; KLEB3; 163862E; CFI_128_NDM1","KLEB11; 164413U/2; KLEB12; KLEB5; MDRT1; 2609; KLEB6; 164121Y; NCTC 7427; L1522; 164125A; CFI_134_NDM1; 18; NCTC_13443; CFI_001_VIM1; KLEB14","L0240; 921530F; 1_1_55; 4_1_44FAA; K5962; ATCC_11296; CFI_127_NDM1; 2660; 2619; 49856; CFI_131_KPC2; MKP103; 46704; 45071; CFI_141_KPC3; 51851; KLEB9; L0506; K6500; K5864; 164358U; L0593; KLEB7; 80528; MGH_78578; KLEB10; KPUK02; L0644; 163895Q; L0747; 922221W; L0738; TW3; K6310; 163862E; 16; CFI_110_OXA232; CFI_119_OXA48; CFI_118_NDM1; KPUK01; CFI_128_NDM1; KPUK04a; CFI_146_OXA48; KPTR8; KLEB13","163575R; NCTC_13368; CFI_108_OXA181; NCTC_13438; L0549; RSUH15; KLEB2; M6; KLEB3; KLEB4; L1392; CFI_147_OXA48; CFI_014_VIM4"
"Roth27","PQ657799","","CFI_134_NDM-1","KL112  / capsule null (exp.)","NCTC_7427; 164125A; 164413U/2","CFI_134_NDM-1; NCTC_7427; 164125A; 164413U/2","s","Myophage","130.77800000000002","123.37314285714285","Spades v3.15.3","BMKGene; Reseq-M Kit","174574","0.4191","KpnM_VAC13","MZ322895.1","Slopekvirus","unclassified","Straboviridae","Caudoviricetes","Virulent","Undetermined; permutated","97.983619335806","high","2","no","gp_82_anti_CBASS/acb2_2; gp_184_anti_CBASS/acb1_1; gp_241_anti_RM/dam_3","KLEB11; 164413U/2; KLEB12; KLEB5; CFI_108_OXA181; MDRT1; 2609; KLEB6; K6500; 164121Y; KLEB2; NCTC 7427; 922221W; L1522; M6; 164125A; KLEB4; 163862E; L1392; CFI_134_NDM1; 18; KPUK04a; NCTC_13443; CFI_001_VIM1; KLEB14","921530F; 4_1_44FAA; CFI_127_NDM1; 2660; 2619; 49856; MKP103; 46704; 45071; CFI_141_KPC3; KLEB9; L0549; K5864; L0593; KLEB7; MGH_78578; KLEB10; KPUK02; L0644; 163895Q; L0747; L0738; TW3; K6310; 16; CFI_110_OXA232; CFI_119_OXA48; CFI_118_NDM1; KPUK01; CFI_146_OXA48; KPTR8; KLEB13","163575R; NCTC_13368; L0240; 1_1_55; K5962; ATCC_11296; CFI_131_KPC2; NCTC_13438; 51851; L0506; 164358U; RSUH15; 80528; KLEB3; CFI_147_OXA48; CFI_014_VIM4; CFI_128_NDM1","KLEB11; 164413U/2; KLEB12; KLEB5; KLEB6; 164121Y; NCTC 7427; L1522; 164125A; CFI_134_NDM1; NCTC_13443; KLEB14","921530F; 1_1_55; 4_1_44FAA; K5962; ATCC_11296; CFI_127_NDM1; CFI_108_OXA181; 2660; 2619; MDRT1; 2609; 49856; MKP103; 46704; 45071; NCTC_13438; CFI_141_KPC3; KLEB9; K6500; K5864; KLEB7; MGH_78578; KLEB10; KPUK02; L0644; 163895Q; L0747; L0738; TW3; M6; K6310; L1392; 16; CFI_110_OXA232; CFI_119_OXA48; CFI_147_OXA48; CFI_118_NDM1; KPUK01; CFI_014_VIM4; 18; CFI_128_NDM1; KPUK04a; CFI_146_OXA48; CFI_001_VIM1; KPTR8; KLEB13","163575R; NCTC_13368; L0240; CFI_131_KPC2; 51851; L0549; L0506; 164358U; L0593; RSUH15; 80528; KLEB2; 922221W; KLEB3; KLEB4; 163862E"
"Roth22","PQ657795","","18","capsule null","NCTC_7427; 164125A; 164413U/2","18; NCTC_7427; 164125A; 164413U/2","s","Myophage","131.058","114.01249999999999","Spades v3.15.3","BMKGene; Reseq-M Kit","174574","0.4191","KpnM_VAC13","MZ322895.1","Slopekvirus","unclassified","Straboviridae","Caudoviricetes","Virulent","Undetermined; permutated","97.9834087","high","2","no","gp_82_anti_CBASS/acb2_2; gp_184_anti_CBASS/acb1_1; gp_241_anti_RM/dam_3","KLEB11; 164413U/2; KLEB12; KLEB5; MDRT1; 2609; KLEB6; K6500; 164121Y; KLEB2; NCTC 7427; 922221W; L1522; M6; 164125A; KLEB4; L1392; CFI_134_NDM1; CFI_014_VIM4; 18; KPUK04a; NCTC_13443; CFI_001_VIM1; KLEB14","L0240; 921530F; 1_1_55; 4_1_44FAA; CFI_127_NDM1; 2660; 2619; 49856; MKP103; 46704; 45071; CFI_141_KPC3; KLEB9; L0549; L0506; K5864; L0593; KLEB7; MGH_78578; KLEB10; KPUK02; L0644; 163895Q; L0747; L0738; TW3; K6310; 16; CFI_110_OXA232; CFI_119_OXA48; CFI_147_OXA48; CFI_118_NDM1; KPUK01; CFI_128_NDM1; CFI_146_OXA48; KPTR8; KLEB13","163575R; NCTC_13368; K5962; ATCC_11296; CFI_108_OXA181; CFI_131_KPC2; NCTC_13438; 51851; 164358U; RSUH15; 80528; KLEB3; 163862E","KLEB11; 164413U/2; KLEB12; KLEB5; MDRT1; KLEB6; 164121Y; NCTC 7427; L1522; 164125A; CFI_134_NDM1; 18; KPUK04a; NCTC_13443; KLEB14","921530F; 1_1_55; 4_1_44FAA; K5962; ATCC_11296; CFI_127_NDM1; CFI_108_OXA181; 2660; 2619; 2609; 49856; MKP103; 46704; 45071; CFI_141_KPC3; KLEB9; L0549; K6500; K5864; KLEB7; MGH_78578; KLEB10; KPUK02; L0644; 163895Q; L0747; L0738; TW3; M6; K6310; L1392; 16; CFI_110_OXA232; CFI_119_OXA48; CFI_147_OXA48; CFI_118_NDM1; KPUK01; CFI_014_VIM4; CFI_128_NDM1; CFI_146_OXA48; CFI_001_VIM1; KPTR8; KLEB13","163575R; NCTC_13368; L0240; CFI_131_KPC2; NCTC_13438; 51851; L0506; 164358U; L0593; RSUH15; 80528; KLEB2; 922221W; KLEB3; KLEB4; 163862E"
"Roth90","PQ657830","","KPUK04a","KL2","NCTC_7427; 164125A; 164413U/2","KPUK04a; NCTC_7427; 164125A; 164413U/2","s","Myophage","110.417","107.767","CLC v23.0.1","BMKGene; Reseq-M Kit","174519","0.4191","KpnM_VAC13","MZ322895.1","Slopekvirus","unclassified","Straboviridae","Caudoviricetes","Virulent","Undetermined; permutated","97.9530110030419","high","2","no","gp_81_anti_CBASS/acb2_2; gp_183_anti_CBASS/acb1_1; gp_240_anti_RM/dam_3","KLEB11; 164413U/2; KLEB12; KLEB5; CFI_108_OXA181; MDRT1; 2609; KLEB6; K6500; 164121Y; KLEB2; NCTC 7427; M6; 164125A; KLEB4; L1392; CFI_014_VIM4; 18; KPUK04a; NCTC_13443; CFI_001_VIM1; KLEB14","L0240; 921530F; 1_1_55; 4_1_44FAA; CFI_127_NDM1; 2660; 2619; 49856; MKP103; 46704; 45071; NCTC_13438; CFI_141_KPC3; 51851; KLEB9; L0549; L0506; K5864; L0593; KLEB7; 80528; MGH_78578; KLEB10; KPUK02; L0644; 163895Q; L0747; 922221W; L1522; L0738; TW3; K6310; KLEB3; 16; CFI_110_OXA232; CFI_119_OXA48; CFI_147_OXA48; CFI_118_NDM1; CFI_134_NDM1; KPUK01; CFI_128_NDM1; CFI_146_OXA48; KPTR8; KLEB13","163575R; NCTC_13368; K5962; ATCC_11296; CFI_131_KPC2; 164358U; RSUH15; 163862E","KLEB11; 164413U/2; KLEB12; KLEB5; KLEB6; NCTC 7427; L1522; 164125A; CFI_134_NDM1; 18; KPUK04a; CFI_001_VIM1; KLEB14","163575R; L0240; 921530F; 1_1_55; 4_1_44FAA; K5962; ATCC_11296; CFI_127_NDM1; CFI_108_OXA181; 2660; 2619; MDRT1; 2609; 49856; CFI_131_KPC2; MKP103; 46704; 45071; NCTC_13438; CFI_141_KPC3; 51851; KLEB9; L0549; L0506; K6500; K5864; 164121Y; 164358U; L0593; KLEB7; 80528; MGH_78578; KLEB10; KPUK02; L0644; 163895Q; L0747; 922221W; L0738; TW3; M6; K6310; KLEB3; 163862E; 16; CFI_110_OXA232; CFI_119_OXA48; CFI_147_OXA48; CFI_118_NDM1; KPUK01; CFI_014_VIM4; CFI_128_NDM1; NCTC_13443; CFI_146_OXA48; KPTR8; KLEB13","NCTC_13368; RSUH15; KLEB2; KLEB4; L1392"
"Roth26","PQ657798","","CFI_134_NDM-1","KL112  / capsule null (exp.)","NCTC_7427; 164125A; 164413U/2","CFI_134_NDM-1; NCTC_7427; 164125A; 164413U/2","s","Myophage","131.311","109.574","Spades v3.15.3","BMKGene; Reseq-M Kit","174574","0.4191","KpnM_VAC13","MZ322895.1","Slopekvirus","unclassified","Straboviridae","Caudoviricetes","Virulent","Undetermined; permutated","97.98388207","high","2","no","gp_82_anti_CBASS/acb2_2; gp_184_anti_CBASS/acb1_1; gp_241_anti_RM/dam_3","KLEB11; 164413U/2; KLEB12; KLEB5; CFI_108_OXA181; MDRT1; 2609; KLEB6; K6500; 164121Y; KLEB2; NCTC 7427; 922221W; L1522; M6; 164125A; KLEB4; 163862E; L1392; CFI_134_NDM1; 18; KPUK04a; NCTC_13443; CFI_001_VIM1; KLEB14","921530F; 4_1_44FAA; CFI_127_NDM1; 2660; 2619; 49856; MKP103; 46704; 45071; CFI_141_KPC3; KLEB9; L0549; K5864; L0593; KLEB7; MGH_78578; KLEB10; KPUK02; L0644; 163895Q; L0738; TW3; K6310; 16; CFI_110_OXA232; CFI_119_OXA48; CFI_147_OXA48; CFI_118_NDM1; KPUK01; CFI_146_OXA48; KPTR8; KLEB13","163575R; NCTC_13368; L0240; 1_1_55; K5962; ATCC_11296; CFI_131_KPC2; NCTC_13438; 51851; L0506; 164358U; RSUH15; 80528; L0747; KLEB3; CFI_014_VIM4; CFI_128_NDM1","KLEB11; 164413U/2; KLEB12; KLEB5; MDRT1; KLEB6; 164121Y; NCTC 7427; L1522; 164125A; CFI_134_NDM1; 18; KPUK04a; NCTC_13443; CFI_001_VIM1; KLEB14","921530F; 4_1_44FAA; K5962; ATCC_11296; CFI_127_NDM1; 2660; 2619; 2609; 49856; MKP103; 46704; 45071; NCTC_13438; CFI_141_KPC3; KLEB9; K6500; K5864; KLEB7; MGH_78578; KLEB10; KPUK02; L0644; 163895Q; L0747; L0738; TW3; M6; K6310; L1392; 16; CFI_110_OXA232; CFI_119_OXA48; CFI_147_OXA48; CFI_118_NDM1; KPUK01; CFI_014_VIM4; CFI_128_NDM1; CFI_146_OXA48; KPTR8; KLEB13","163575R; NCTC_13368; L0240; 1_1_55; CFI_108_OXA181; CFI_131_KPC2; 51851; L0549; L0506; 164358U; L0593; RSUH15; 80528; KLEB2; 922221W; KLEB3; KLEB4; 163862E"
"Roth41","PQ657805","","NCTC_7427","capsule null","NCTC_7427; 164125A; 164413U/2","NCTC_7427; NCTC_7427; 164125A; 164413U/2","s","Myophage","126.787","114.611","CLC v23.0.1","BMKGene; Reseq-M Kit","174519","0.4191","KpnM_VAC13","MZ322895.1","Slopekvirus","unclassified","Straboviridae","Caudoviricetes","Virulent","Undetermined; permutated","97.95300994","high","2","no","gp_82_anti_CBASS/acb2_2; gp_184_anti_CBASS/acb1_1; gp_241_anti_RM/dam_3","KLEB11; 164413U/2; KLEB5; CFI_108_OXA181; MDRT1; 2609; KLEB6; K6500; 164121Y; KLEB2; NCTC 7427; 922221W; L1522; M6; 164125A; KLEB4; 163862E; L1392; CFI_134_NDM1; 18; KPUK04a; NCTC_13443; CFI_001_VIM1; KLEB14","KLEB12; 4_1_44FAA; CFI_127_NDM1; 2660; 2619; 49856; MKP103; 46704; 45071; CFI_141_KPC3; KLEB9; L0549; K5864; KLEB7; MGH_78578; KLEB10; KPUK02; L0644; 163895Q; L0747; L0738; TW3; K6310; 16; CFI_110_OXA232; CFI_118_NDM1; KPUK01; CFI_146_OXA48; KPTR8; KLEB13","163575R; NCTC_13368; L0240; 921530F; 1_1_55; K5962; ATCC_11296; CFI_131_KPC2; NCTC_13438; 51851; L0506; 164358U; L0593; RSUH15; 80528; KLEB3; CFI_119_OXA48; CFI_147_OXA48; CFI_014_VIM4; CFI_128_NDM1","KLEB11; 164413U/2; KLEB12; KLEB5; MDRT1; KLEB6; 164121Y; NCTC 7427; L1522; 164125A; 18; KPUK04a; NCTC_13443; KLEB14","921530F; 4_1_44FAA; K5962; CFI_127_NDM1; 2660; 2619; 2609; 49856; MKP103; 46704; 45071; NCTC_13438; CFI_141_KPC3; 51851; KLEB9; K6500; K5864; KLEB7; MGH_78578; KLEB10; KPUK02; L0644; 163895Q; L0747; L0738; TW3; M6; K6310; L1392; 16; CFI_110_OXA232; CFI_119_OXA48; CFI_118_NDM1; CFI_134_NDM1; KPUK01; CFI_128_NDM1; CFI_146_OXA48; CFI_001_VIM1; KPTR8; KLEB13","163575R; NCTC_13368; L0240; 1_1_55; ATCC_11296; CFI_108_OXA181; CFI_131_KPC2; L0549; L0506; 164358U; L0593; RSUH15; 80528; KLEB2; 922221W; KLEB3; KLEB4; 163862E; CFI_147_OXA48; CFI_014_VIM4"
"Roth23","PQ657796","","18","capsule null","NCTC_7427; 164125A; 164413U/2","18; NCTC_7427; 164125A; 164413U/2","s","Myophage","126.646","110.85","CLC v23.0.1","UKHSA; Nextera kit","174483","0.4192","KpnM_VAC13","MZ322895.1","Slopekvirus","unclassified","Straboviridae","Caudoviricetes","Virulent","NA","97.9328315337291","high","2","no","gp_82_anti_CBASS/acb2_2; gp_184_anti_CBASS/acb1_1; gp_241_anti_RM/dam_3","KLEB11; 164413U/2; KLEB12; KLEB5; CFI_108_OXA181; MDRT1; 2609; KLEB6; K6500; 164121Y; KLEB2; NCTC 7427; L1522; M6; 164125A; KLEB4; L1392; CFI_134_NDM1; CFI_014_VIM4; 18; KPUK04a; NCTC_13443; CFI_001_VIM1; KLEB14","4_1_44FAA; CFI_127_NDM1; 2660; 2619; 49856; MKP103; 46704; 45071; CFI_141_KPC3; KLEB9; L0549; K5864; KLEB7; MGH_78578; KLEB10; KPUK02; L0644; 163895Q; L0747; 922221W; L0738; TW3; K6310; 16; CFI_110_OXA232; CFI_119_OXA48; CFI_118_NDM1; KPUK01; CFI_146_OXA48; KPTR8; KLEB13","163575R; NCTC_13368; L0240; 921530F; 1_1_55; K5962; ATCC_11296; CFI_131_KPC2; NCTC_13438; 51851; L0506; 164358U; L0593; RSUH15; 80528; KLEB3; 163862E; CFI_147_OXA48; CFI_128_NDM1","KLEB11; 164413U/2; KLEB12; KLEB5; MDRT1; 2609; KLEB6; 164121Y; NCTC 7427; L1522; 164125A; CFI_134_NDM1; 18; KPUK04a; NCTC_13443; CFI_001_VIM1; KLEB14","921530F; 1_1_55; 4_1_44FAA; ATCC_11296; CFI_127_NDM1; 2660; 2619; 49856; MKP103; 46704; 45071; CFI_141_KPC3; KLEB9; K6500; K5864; 164358U; KLEB7; MGH_78578; KLEB10; KPUK02; L0644; 163895Q; L0747; 922221W; L0738; TW3; K6310; 16; CFI_110_OXA232; CFI_119_OXA48; CFI_118_NDM1; KPUK01; CFI_128_NDM1; CFI_146_OXA48; KPTR8; KLEB13","163575R; NCTC_13368; L0240; K5962; CFI_108_OXA181; CFI_131_KPC2; NCTC_13438; 51851; L0549; L0506; L0593; RSUH15; 80528; KLEB2; M6; KLEB3; KLEB4; 163862E; L1392; CFI_147_OXA48; CFI_014_VIM4"
"Roth19","PQ657792","representative phage","2609","KL125","KLEB5","2609; KLEB5","s","Myophage","128.198","104.762","CLC v23.0.1","UKHSA; Nextera kit","168301","0.3944","pzk-kv4","OR231915.1","Jiaodavirus","Tevenvirinae","Straboviridae","Caudoviricetes","Virulent","NA","99.6548867677158","high","0","no","gp_118_anti_CBASS/acb2_2; gp_147_anti_CBASS/acb1_1; gp_204_anti_TA/alt_3","NCTC_13368; KLEB5; 2609; NCTC 7427; 164125A; CFI_001_VIM1","KLEB11; 164413U/2; 163575R; L0240; KLEB12; 921530F; 1_1_55; 4_1_44FAA; K5962; ATCC_11296; CFI_127_NDM1; CFI_108_OXA181; 2660; 2619; MDRT1; 49856; CFI_131_KPC2; MKP103; 46704; 45071; NCTC_13438; CFI_141_KPC3; 51851; KLEB9; L0549; L0506; KLEB6; K6500; K5864; 164121Y; 164358U; L0593; KLEB7; RSUH15; 80528; KLEB2; MGH_78578; KLEB10; KPUK02; L0644; 163895Q; L0747; 922221W; L1522; L0738; TW3; M6; K6310; KLEB3; KLEB4; 163862E; L1392; 16; CFI_110_OXA232; CFI_119_OXA48; CFI_147_OXA48; CFI_118_NDM1; CFI_134_NDM1; KPUK01; CFI_014_VIM4; 18; CFI_128_NDM1; KPUK04a; NCTC_13443; CFI_146_OXA48; KLEB14; KPTR8; KLEB13","","NCTC_13368; 921530F; KLEB5; 2609; NCTC_13438; CFI_001_VIM1","KLEB11; 164413U/2; 163575R; L0240; KLEB12; 1_1_55; 4_1_44FAA; K5962; ATCC_11296; CFI_127_NDM1; CFI_108_OXA181; 2660; 2619; MDRT1; 49856; CFI_131_KPC2; MKP103; 46704; 45071; CFI_141_KPC3; 51851; KLEB9; L0549; L0506; KLEB6; K6500; K5864; 164121Y; 164358U; L0593; KLEB7; RSUH15; 80528; KLEB2; MGH_78578; KLEB10; NCTC 7427; KPUK02; L0644; 163895Q; L0747; 922221W; L1522; L0738; TW3; M6; 164125A; K6310; KLEB3; KLEB4; 163862E; L1392; 16; CFI_110_OXA232; CFI_119_OXA48; CFI_147_OXA48; CFI_118_NDM1; CFI_134_NDM1; KPUK01; CFI_014_VIM4; 18; CFI_128_NDM1; KPUK04a; NCTC_13443; CFI_146_OXA48; KLEB14; KPTR8; KLEB13",""
"Roth20","PQ657793","","2609","KL125","NCTC_7427; 164125A","2609; NCTC_7427; 164125A","s","Myophage","124.816","112.809","CLC v23.0.1","UKHSA; Nextera kit","164088","0.3959","Kpn6N","OK631811.1","Jiaodavirus","Tevenvirinae","Straboviridae","Caudoviricetes","Virulent","NA","97.15796915","high","0","no","gp_115_anti_CBASS/acb2_2; gp_144_anti_CBASS/acb1_1; gp_198_anti_TA/alt_3","KLEB11; 164413U/2; NCTC_13368; KLEB5; MDRT1; 2609; NCTC_13438; 51851; NCTC 7427; 164125A; CFI_001_VIM1","163575R; L0240; KLEB12; 921530F; 1_1_55; 4_1_44FAA; K5962; ATCC_11296; CFI_127_NDM1; CFI_108_OXA181; 2660; 2619; 49856; CFI_131_KPC2; MKP103; 46704; 45071; CFI_141_KPC3; KLEB9; L0549; L0506; KLEB6; K5864; 164121Y; 164358U; L0593; KLEB7; RSUH15; 80528; KLEB2; MGH_78578; KLEB10; KPUK02; L0644; 163895Q; L0747; 922221W; L1522; TW3; M6; K6310; KLEB3; KLEB4; 163862E; L1392; 16; CFI_110_OXA232; CFI_119_OXA48; CFI_147_OXA48; CFI_118_NDM1; CFI_134_NDM1; KPUK01; CFI_014_VIM4; CFI_128_NDM1; KPUK04a; NCTC_13443; CFI_146_OXA48; KLEB14; KPTR8; KLEB13","K6500; L0738; 18","KLEB11; 921530F; KLEB5; 2609; CFI_131_KPC2; NCTC_13438; 51851; NCTC 7427; 164125A; CFI_001_VIM1","164413U/2; 163575R; NCTC_13368; L0240; KLEB12; 1_1_55; 4_1_44FAA; K5962; ATCC_11296; CFI_127_NDM1; CFI_108_OXA181; 2660; 2619; MDRT1; 49856; MKP103; 46704; 45071; CFI_141_KPC3; KLEB9; L0549; L0506; KLEB6; K6500; K5864; 164121Y; 164358U; L0593; KLEB7; RSUH15; 80528; KLEB2; MGH_78578; KLEB10; KPUK02; L0644; 163895Q; L0747; 922221W; L1522; L0738; TW3; M6; K6310; KLEB3; KLEB4; 163862E; L1392; 16; CFI_110_OXA232; CFI_119_OXA48; CFI_147_OXA48; CFI_118_NDM1; CFI_134_NDM1; KPUK01; CFI_014_VIM4; 18; CFI_128_NDM1; KPUK04a; NCTC_13443; CFI_146_OXA48; KLEB14; KPTR8; KLEB13",""
"Roth04","PQ657786","representative phage","CFI_108_OXA181","KL24","KLEB5","CFI_108_OXA181; KLEB5","s","Myophage","128.872","113.182","CLC v23.0.1","BMKGene; Reseq-M Kit","167996","0.3936","KaeM Nispero","OL539458.1","Jiaodavirus","Tevenvirinae","Straboviridae","Caudoviricetes","Virulent","Undetermined; permutated","99.4740721445623","high","1","no","gp_117_anti_CBASS/acb2_2; gp_144_anti_CBASS/acb1_1; gp_200_anti_TA/alt_3","164413U/2; KLEB5; CFI_108_OXA181; MDRT1; 49856; CFI_131_KPC2; NCTC_13438; 51851; K6500; 164125A; KPUK04a; CFI_001_VIM1","163575R; NCTC_13368; L0240; KLEB12; 921530F; 1_1_55; 4_1_44FAA; K5962; ATCC_11296; CFI_127_NDM1; 2660; 2619; 2609; MKP103; 46704; 45071; CFI_141_KPC3; KLEB9; L0549; L0506; KLEB6; K5864; 164121Y; L0593; KLEB7; RSUH15; 80528; KLEB2; MGH_78578; KLEB10; KPUK02; L0644; 163895Q; L0747; 922221W; L0738; TW3; M6; K6310; KLEB3; KLEB4; 163862E; L1392; 16; CFI_110_OXA232; CFI_119_OXA48; CFI_147_OXA48; CFI_118_NDM1; CFI_134_NDM1; KPUK01; 18; CFI_128_NDM1; NCTC_13443; CFI_146_OXA48; KLEB14; KPTR8; KLEB13","KLEB11; 164358U; NCTC 7427; L1522; CFI_014_VIM4","KLEB5; CFI_108_OXA181; CFI_131_KPC2; 51851; CFI_001_VIM1; KLEB14","164413U/2; 163575R; NCTC_13368; L0240; KLEB12; 921530F; 1_1_55; 4_1_44FAA; K5962; ATCC_11296; CFI_127_NDM1; 2660; 2619; MDRT1; 2609; 49856; MKP103; 46704; 45071; NCTC_13438; CFI_141_KPC3; KLEB9; L0549; L0506; KLEB6; K6500; K5864; 164121Y; 164358U; L0593; RSUH15; 80528; KLEB2; MGH_78578; KLEB10; NCTC 7427; KPUK02; L0644; 163895Q; L0747; 922221W; L1522; L0738; TW3; M6; 164125A; K6310; KLEB3; KLEB4; 163862E; L1392; 16; CFI_110_OXA232; CFI_119_OXA48; CFI_147_OXA48; CFI_118_NDM1; CFI_134_NDM1; KPUK01; CFI_014_VIM4; 18; CFI_128_NDM1; KPUK04a; NCTC_13443; CFI_146_OXA48; KPTR8; KLEB13","KLEB11; KLEB7"
"Roth78","PQ657822","","CFI_131-KPC-2","KL106","164125A","CFI_131-KPC-2; 164125A","sh","Myophage","128.519","114.581","CLC v23.0.1","BMKGene; Reseq-M Kit","167764","0.3936","KaeM Nispero","OL539458.1","Jiaodavirus","Tevenvirinae","Straboviridae","Caudoviricetes","Virulent","Undetermined; permutated","99.3364990091538","high","0","no","gp_118_anti_CBASS/acb2_2; gp_145_anti_CBASS/acb1_1; gp_201_anti_TA/alt_3","KLEB11; 164413U/2; KLEB5; CFI_108_OXA181; MDRT1; 49856; CFI_131_KPC2; NCTC_13438; 51851; 164121Y; 164125A; KPUK04a; CFI_001_VIM1","163575R; NCTC_13368; L0240; KLEB12; 921530F; 1_1_55; 4_1_44FAA; K5962; ATCC_11296; CFI_127_NDM1; 2660; 2619; 2609; MKP103; 45071; CFI_141_KPC3; KLEB9; L0549; L0506; KLEB6; K5864; 164358U; L0593; KLEB7; RSUH15; 80528; KLEB2; MGH_78578; KLEB10; KPUK02; L0644; 163895Q; L0747; 922221W; L1522; TW3; M6; K6310; KLEB3; KLEB4; L1392; CFI_110_OXA232; CFI_119_OXA48; CFI_118_NDM1; CFI_134_NDM1; KPUK01; NCTC_13443; CFI_146_OXA48; KLEB14; KPTR8; KLEB13","46704; K6500; NCTC 7427; L0738; 163862E; 16; CFI_147_OXA48; CFI_014_VIM4; 18; CFI_128_NDM1","KLEB5; CFI_131_KPC2; NCTC_13438; 51851; 164125A; CFI_001_VIM1; KLEB14","164413U/2; 163575R; NCTC_13368; L0240; 921530F; 1_1_55; 4_1_44FAA; K5962; ATCC_11296; CFI_127_NDM1; CFI_108_OXA181; 2660; 2619; MDRT1; 2609; 49856; MKP103; 45071; CFI_141_KPC3; KLEB9; L0549; L0506; KLEB6; K6500; K5864; 164121Y; 164358U; L0593; RSUH15; 80528; KLEB2; MGH_78578; KLEB10; NCTC 7427; KPUK02; L0644; 163895Q; L0747; 922221W; L1522; L0738; TW3; M6; K6310; KLEB3; KLEB4; 163862E; L1392; 16; CFI_110_OXA232; CFI_119_OXA48; CFI_147_OXA48; CFI_118_NDM1; CFI_134_NDM1; KPUK01; CFI_014_VIM4; 18; CFI_128_NDM1; KPUK04a; NCTC_13443; CFI_146_OXA48; KPTR8; KLEB13","KLEB11; KLEB12; 46704; KLEB7"
"Roth67","PQ657814","","NCTC_13438","KL107  / capsule null (exp.)","164125A","NCTC_13438; 164125A","s","Myophage","129.019","115.801","CLC v23.0.1","BMKGene; Reseq-M Kit","167764","0.3936","KaeM Nispero","OL539458.1","Jiaodavirus","Tevenvirinae","Straboviridae","Caudoviricetes","Virulent","Undetermined; permutated","99.3382260095973","high","1","no","gp_119_anti_CBASS/acb2_2; gp_146_anti_CBASS/acb1_1; gp_202_anti_TA/alt_3","164413U/2; CFI_108_OXA181; MDRT1; 49856; CFI_131_KPC2; NCTC_13438; 51851; K6500; 164121Y; 164125A; KPUK04a; CFI_001_VIM1","163575R; NCTC_13368; L0240; KLEB12; 921530F; 1_1_55; KLEB5; 4_1_44FAA; K5962; ATCC_11296; CFI_127_NDM1; 2660; 2619; 2609; MKP103; 46704; 45071; CFI_141_KPC3; KLEB9; L0549; L0506; KLEB6; K5864; 164358U; L0593; KLEB7; RSUH15; 80528; KLEB2; MGH_78578; KLEB10; KPUK02; L0644; 163895Q; L0747; 922221W; L1522; TW3; M6; K6310; KLEB3; L1392; 16; CFI_110_OXA232; CFI_119_OXA48; CFI_118_NDM1; KPUK01; CFI_014_VIM4; CFI_128_NDM1; NCTC_13443; CFI_146_OXA48; KLEB14; KPTR8; KLEB13","KLEB11; NCTC 7427; L0738; KLEB4; 163862E; CFI_147_OXA48; CFI_134_NDM1; 18","KLEB5; 49856; CFI_131_KPC2; NCTC_13438; 51851; 164125A; KLEB14","163575R; NCTC_13368; L0240; KLEB12; 921530F; 1_1_55; 4_1_44FAA; K5962; ATCC_11296; CFI_127_NDM1; CFI_108_OXA181; 2660; 2619; MDRT1; 2609; MKP103; 45071; CFI_141_KPC3; KLEB9; L0549; L0506; KLEB6; K6500; K5864; 164121Y; 164358U; L0593; RSUH15; 80528; KLEB2; MGH_78578; KLEB10; NCTC 7427; KPUK02; L0644; 163895Q; L0747; 922221W; L1522; L0738; TW3; M6; K6310; KLEB3; KLEB4; 163862E; L1392; 16; CFI_110_OXA232; CFI_119_OXA48; CFI_147_OXA48; CFI_118_NDM1; CFI_134_NDM1; KPUK01; CFI_014_VIM4; 18; CFI_128_NDM1; KPUK04a; NCTC_13443; CFI_146_OXA48; CFI_001_VIM1; KPTR8; KLEB13","KLEB11; 164413U/2; 46704; KLEB7"
"Roth77","PQ657821","","CFI_131-KPC-2","KL106","164125A","CFI_131-KPC-2; 164125A","sh","Myophage","126.256","115.35966666666667","CLC v23.0.1","BMKGene; Reseq-M Kit","167748","0.3935","KaeM Nispero","OL539458.1","Jiaodavirus","Tevenvirinae","Straboviridae","Caudoviricetes","Virulent","Headful (pac); permutated","99.32776733","high","1","no","gp_116_anti_CBASS/acb2_2; gp_143_anti_CBASS/acb1_1; gp_199_anti_TA/alt_3","KLEB11; 164413U/2; KLEB5; CFI_108_OXA181; MDRT1; CFI_131_KPC2; NCTC_13438; 51851; K6500; 164121Y; 164125A; KPUK04a; CFI_001_VIM1","163575R; NCTC_13368; L0240; KLEB12; 921530F; 1_1_55; 4_1_44FAA; K5962; ATCC_11296; CFI_127_NDM1; 2660; 2619; 2609; 49856; MKP103; 45071; CFI_141_KPC3; KLEB9; L0549; L0506; KLEB6; K5864; 164358U; L0593; KLEB7; RSUH15; 80528; KLEB2; MGH_78578; KLEB10; KPUK02; L0644; 163895Q; L0747; 922221W; L1522; TW3; M6; K6310; KLEB3; KLEB4; 163862E; L1392; 16; CFI_110_OXA232; CFI_119_OXA48; CFI_118_NDM1; KPUK01; CFI_014_VIM4; 18; NCTC_13443; CFI_146_OXA48; KLEB14; KPTR8; KLEB13","46704; NCTC 7427; L0738; CFI_147_OXA48; CFI_134_NDM1; CFI_128_NDM1","KLEB5; 49856; CFI_131_KPC2; NCTC_13438; 51851; 164125A; KLEB14","164413U/2; 163575R; NCTC_13368; L0240; 921530F; 1_1_55; 4_1_44FAA; K5962; ATCC_11296; CFI_127_NDM1; CFI_108_OXA181; 2660; 2619; MDRT1; 2609; MKP103; 45071; CFI_141_KPC3; KLEB9; L0549; L0506; KLEB6; K6500; K5864; 164121Y; 164358U; L0593; RSUH15; 80528; KLEB2; MGH_78578; KLEB10; NCTC 7427; KPUK02; L0644; 163895Q; L0747; 922221W; L1522; L0738; TW3; M6; K6310; KLEB3; KLEB4; 163862E; L1392; CFI_110_OXA232; CFI_147_OXA48; CFI_118_NDM1; CFI_134_NDM1; KPUK01; CFI_014_VIM4; 18; CFI_128_NDM1; KPUK04a; NCTC_13443; CFI_146_OXA48; CFI_001_VIM1; KPTR8; KLEB13","KLEB11; KLEB12; 46704; KLEB7; 16; CFI_119_OXA48"
"Roth16","PQ657790","representative phage","2609","KL125","164125A","2609; 164125A","s","Myophage","127.115","114.922","CLC v23.0.1","BMKGene; Reseq-M Kit","168641","0.3954","KM13","MN101229.1","Jiaodavirus","Tevenvirinae","Straboviridae","Caudoviricetes","Virulent","Undetermined; permutated","99.887406024869","high","0","no","gp_119_anti_CBASS/acb2_2; gp_150_anti_CBASS/acb1_1; gp_206_anti_TA/alt_3","KLEB11; 164413U/2; NCTC_13368; KLEB12; KLEB5; CFI_108_OXA181; 2660; 2609; 49856; CFI_131_KPC2; 45071; NCTC_13438; 51851; KLEB6; K6500; 164121Y; 163895Q; M6; 164125A","1_1_55; 4_1_44FAA; CFI_141_KPC3; KLEB9; L0549; L0506; K5864; 164358U; L0593; 80528; MGH_78578; KLEB10; KPUK02; L0644; L0747; 922221W; TW3; K6310; KLEB3; KLEB4; L1392; CFI_118_NDM1; CFI_134_NDM1; KPUK01; CFI_014_VIM4; KPUK04a; NCTC_13443; CFI_146_OXA48; CFI_001_VIM1; KLEB13","163575R; L0240; 921530F; K5962; ATCC_11296; CFI_127_NDM1; 2619; MDRT1; MKP103; 46704; KLEB7; RSUH15; KLEB2; NCTC 7427; L1522; L0738; 163862E; 16; CFI_110_OXA232; CFI_119_OXA48; CFI_147_OXA48; 18; CFI_128_NDM1; KLEB14; KPTR8","KLEB11; 164413U/2; NCTC_13368; KLEB12; 921530F; KLEB5; CFI_108_OXA181; 2619; 2609; 49856; CFI_131_KPC2; 45071; NCTC_13438; 51851; K6500; 164121Y; M6; 164125A","163575R; L0240; 1_1_55; 4_1_44FAA; K5962; ATCC_11296; CFI_127_NDM1; 2660; MDRT1; 46704; CFI_141_KPC3; KLEB9; L0549; L0506; K5864; 164358U; L0593; KLEB7; RSUH15; 80528; KLEB2; MGH_78578; KLEB10; NCTC 7427; KPUK02; L0644; L0747; 922221W; L1522; L0738; TW3; K6310; KLEB3; KLEB4; 163862E; L1392; 16; CFI_110_OXA232; CFI_119_OXA48; CFI_147_OXA48; CFI_118_NDM1; CFI_134_NDM1; KPUK01; CFI_014_VIM4; CFI_128_NDM1; KPUK04a; NCTC_13443; CFI_146_OXA48; CFI_001_VIM1; KLEB14; KPTR8; KLEB13","MKP103; KLEB6; 163895Q; 18"
"Roth17","PQ657791","","2609","KL125","164125A; 164413U/2","2609; 164125A; 164413U/2","s","Myophage","137.531","120.294","CLC v23.0.1","BMKGene; Reseq-M Kit","167079","0.3954","PSE-D1","ON550260.1","Jiaodavirus","Tevenvirinae","Straboviridae","Caudoviricetes","Virulent","Undetermined; permutated","99.013924034612","high","0","no","gp_117_anti_CBASS/acb2_2; gp_146_anti_CBASS/acb1_1; gp_202_anti_TA/alt_3","KLEB11; 164413U/2; NCTC_13368; KLEB5; 2660; 2609; 49856; CFI_131_KPC2; 45071; NCTC_13438; 51851; KLEB6; K6500; 164121Y; 163895Q; M6; 164125A","163575R; L0240; KLEB12; 1_1_55; 4_1_44FAA; ATCC_11296; CFI_127_NDM1; CFI_108_OXA181; 2619; 46704; CFI_141_KPC3; KLEB9; L0549; L0506; K5864; 164358U; L0593; KLEB7; 80528; KLEB2; MGH_78578; KLEB10; NCTC 7427; KPUK02; L0644; L0747; 922221W; L1522; L0738; TW3; K6310; KLEB3; KLEB4; L1392; 16; CFI_110_OXA232; CFI_119_OXA48; CFI_147_OXA48; CFI_118_NDM1; CFI_134_NDM1; KPUK01; CFI_014_VIM4; KPUK04a; NCTC_13443; CFI_146_OXA48; CFI_001_VIM1; KPTR8","921530F; K5962; MDRT1; MKP103; RSUH15; 163862E; 18; CFI_128_NDM1; KLEB14; KLEB13","KLEB11; 164413U/2; NCTC_13368; 921530F; KLEB5; 2660; 2609; 49856; CFI_131_KPC2; 45071; NCTC_13438; 51851; 164125A","163575R; L0240; KLEB12; 1_1_55; 4_1_44FAA; K5962; ATCC_11296; CFI_127_NDM1; CFI_108_OXA181; 2619; MDRT1; MKP103; 46704; CFI_141_KPC3; KLEB9; L0549; L0506; KLEB6; K6500; K5864; 164121Y; 164358U; L0593; KLEB7; RSUH15; 80528; KLEB2; MGH_78578; KLEB10; NCTC 7427; KPUK02; L0644; L0747; 922221W; L1522; L0738; TW3; M6; K6310; KLEB3; KLEB4; 163862E; L1392; 16; CFI_110_OXA232; CFI_119_OXA48; CFI_147_OXA48; CFI_118_NDM1; CFI_134_NDM1; KPUK01; CFI_014_VIM4; 18; CFI_128_NDM1; KPUK04a; NCTC_13443; CFI_146_OXA48; CFI_001_VIM1; KLEB14; KPTR8; KLEB13","163895Q"
"Roth21","PQ657794","representative phage","2609","KL125","164125A; 164413U/2","2609; 164125A; 164413U/2","s","Myophage","132.264","107.554","CLC v23.0.1","UKHSA; Nextera kit","167095","0.3954","PSE-D1","ON550260.1","Jiaodavirus","Tevenvirinae","Straboviridae","Caudoviricetes","Virulent","NA","99.02268447","high","0","no","gp_117_anti_CBASS/acb2_2; gp_146_anti_CBASS/acb1_1; gp_202_anti_TA/alt_3","KLEB11; 164413U/2; NCTC_13368; KLEB5; 2660; 2609; 49856; CFI_131_KPC2; 45071; NCTC_13438; 51851; KLEB6; K6500; 164121Y; 163895Q; M6; 164125A","163575R; L0240; KLEB12; 1_1_55; 4_1_44FAA; ATCC_11296; CFI_141_KPC3; KLEB9; L0549; L0506; K5864; 164358U; L0593; 80528; MGH_78578; KLEB10; NCTC 7427; KPUK02; L0644; L0747; 922221W; L1522; L0738; TW3; K6310; KLEB3; KLEB4; 16; CFI_110_OXA232; CFI_118_NDM1; CFI_134_NDM1; KPUK01; CFI_014_VIM4; KPUK04a; NCTC_13443; CFI_146_OXA48; CFI_001_VIM1; KPTR8","921530F; K5962; CFI_127_NDM1; CFI_108_OXA181; 2619; MDRT1; MKP103; 46704; KLEB7; RSUH15; KLEB2; 163862E; L1392; CFI_119_OXA48; CFI_147_OXA48; 18; CFI_128_NDM1; KLEB14; KLEB13","164413U/2; NCTC_13368; 921530F; KLEB5; 2660; 2609; 49856; CFI_131_KPC2; 45071; NCTC_13438; 51851; 164125A","163575R; L0240; KLEB12; 1_1_55; 4_1_44FAA; K5962; ATCC_11296; CFI_127_NDM1; CFI_108_OXA181; 2619; MDRT1; MKP103; CFI_141_KPC3; KLEB9; L0549; L0506; KLEB6; K6500; K5864; 164121Y; 164358U; L0593; RSUH15; 80528; MGH_78578; KLEB10; NCTC 7427; KPUK02; L0644; L0747; 922221W; L0738; TW3; M6; K6310; KLEB3; KLEB4; L1392; CFI_119_OXA48; CFI_147_OXA48; CFI_118_NDM1; CFI_134_NDM1; KPUK01; CFI_014_VIM4; 18; CFI_128_NDM1; KPUK04a; NCTC_13443; CFI_146_OXA48; CFI_001_VIM1; KLEB13","KLEB11; 46704; KLEB7; KLEB2; 163895Q; L1522; 163862E; 16; CFI_110_OXA232; KLEB14; KPTR8"
"Roth51","PQ657811","","NCTC_13368","KL53","164125A; 164413U/2","NCTC_13368; 164125A; 164413U/2","s","Myophage","131.5745","108.22049999999999","CLC v23.0.1","UKHSA; Nextera kit","166382","0.396","JYI","OP734280.1","Jiaodavirus","Tevenvirinae","Straboviridae","Caudoviricetes","Virulent","NA","98.512852826179","high","1","no","gp_118_anti_CBASS/acb2_2; gp_148_anti_CBASS/acb1_1; gp_201_anti_TA/alt_3","KLEB11; 164413U/2; NCTC_13368; KLEB12; 921530F; K5962; CFI_108_OXA181; MDRT1; 49856; CFI_131_KPC2; 51851; K6500; 164121Y; 164125A; CFI_134_NDM1","163575R; L0240; 1_1_55; KLEB5; 4_1_44FAA; 2660; 2619; 2609; 45071; NCTC_13438; CFI_141_KPC3; KLEB9; L0549; L0506; KLEB6; K5864; 164358U; 80528; KLEB2; MGH_78578; KLEB10; NCTC 7427; KPUK02; L0644; L0747; 922221W; L1522; L0738; TW3; M6; K6310; KLEB3; KLEB4; L1392; KPUK01; CFI_014_VIM4; CFI_128_NDM1; KPUK04a; NCTC_13443; CFI_146_OXA48; CFI_001_VIM1; KLEB14; KPTR8; KLEB13","ATCC_11296; CFI_127_NDM1; MKP103; 46704; L0593; KLEB7; RSUH15; 163895Q; 163862E; 16; CFI_110_OXA232; CFI_119_OXA48; CFI_147_OXA48; CFI_118_NDM1; 18","164413U/2; NCTC_13368; KLEB12; 921530F; KLEB5; CFI_108_OXA181; 49856; CFI_131_KPC2; 45071; NCTC_13438; 51851; KLEB6; M6; 164125A; CFI_134_NDM1","163575R; L0240; 1_1_55; 4_1_44FAA; K5962; ATCC_11296; CFI_127_NDM1; 2660; 2619; MDRT1; 2609; CFI_141_KPC3; KLEB9; L0549; L0506; K6500; K5864; 164121Y; 164358U; L0593; KLEB7; RSUH15; 80528; KLEB2; MGH_78578; KLEB10; NCTC 7427; KPUK02; L0644; 163895Q; L0747; 922221W; L1522; L0738; TW3; K6310; KLEB3; KLEB4; 163862E; L1392; CFI_147_OXA48; CFI_118_NDM1; KPUK01; CFI_014_VIM4; 18; CFI_128_NDM1; KPUK04a; NCTC_13443; CFI_146_OXA48; CFI_001_VIM1; KLEB14; KPTR8; KLEB13","KLEB11; MKP103; 46704; 16; CFI_110_OXA232; CFI_119_OXA48"
"Roth80","PQ657824","","CFI_131-KPC-2","KL106","164125A; 164413U/2","CFI_131-KPC-2; 164125A; 164413U/2","s","Myophage","120.21","107.176","Spades v3.15.3","BMKGene; Reseq-M Kit","166360","0.396","JYI","OP734280.1","Jiaodavirus","Tevenvirinae","Straboviridae","Caudoviricetes","Virulent","Headful (pac); permutated","98.4998268812921","high","1","no","gp_118_anti_CBASS/acb2_2; gp_148_anti_CBASS/acb1_1; gp_201_anti_TA/alt_3","KLEB11; 164413U/2; NCTC_13368; KLEB12; 921530F; KLEB5; CFI_108_OXA181; MDRT1; 49856; CFI_131_KPC2; 46704; NCTC_13438; 51851; KLEB6; 164121Y; NCTC 7427; M6; 164125A; L1392; CFI_134_NDM1","163575R; 1_1_55; 4_1_44FAA; 2660; 2619; 2609; MKP103; 45071; CFI_141_KPC3; KLEB9; L0549; L0506; K5864; 80528; KLEB2; MGH_78578; KLEB10; KPUK02; L0644; L0747; 922221W; L1522; K6310; KLEB3; KLEB4; KPUK01; CFI_014_VIM4; CFI_128_NDM1; KPUK04a; NCTC_13443; CFI_146_OXA48; CFI_001_VIM1; KLEB14; KPTR8; KLEB13","L0240; K5962; ATCC_11296; CFI_127_NDM1; K6500; 164358U; L0593; KLEB7; RSUH15; 163895Q; L0738; TW3; 163862E; 16; CFI_110_OXA232; CFI_119_OXA48; CFI_147_OXA48; CFI_118_NDM1; 18","164413U/2; NCTC_13368; KLEB12; 921530F; KLEB5; CFI_108_OXA181; 49856; CFI_131_KPC2; 45071; NCTC_13438; 51851; KLEB6; 164125A","163575R; L0240; 1_1_55; 4_1_44FAA; K5962; ATCC_11296; CFI_127_NDM1; 2660; 2619; MDRT1; 2609; MKP103; CFI_141_KPC3; KLEB9; L0549; L0506; K6500; K5864; 164121Y; 164358U; L0593; 80528; KLEB2; MGH_78578; KLEB10; NCTC 7427; KPUK02; L0644; 163895Q; L0747; 922221W; L1522; L0738; TW3; M6; K6310; KLEB3; KLEB4; 163862E; L1392; 16; CFI_110_OXA232; CFI_119_OXA48; CFI_147_OXA48; CFI_118_NDM1; CFI_134_NDM1; KPUK01; CFI_014_VIM4; 18; CFI_128_NDM1; KPUK04a; NCTC_13443; CFI_146_OXA48; CFI_001_VIM1; KLEB14; KPTR8; KLEB13","KLEB11; 46704; KLEB7; RSUH15"
"Roth66","PQ657813","","NCTC_13438","KL107  / capsule null (exp.)","164125A; 164413U/2","NCTC_13438; 164125A; 164413U/2","s","Myophage","135.114","121.698","Spades v3.15.3","BMKGene; Reseq-M Kit","166360","0.396","vB_KpnM_FRZ284","MZ602148.1","Jiaodavirus","Tevenvirinae","Straboviridae","Caudoviricetes","Virulent","Undetermined; permutated","98.43166317","high","1","no","gp_118_anti_CBASS/acb2_2; gp_148_anti_CBASS/acb1_1; gp_202_anti_TA/alt_3","KLEB11; 164413U/2; NCTC_13368; KLEB12; 921530F; KLEB5; K5962; CFI_108_OXA181; MDRT1; 49856; CFI_131_KPC2; NCTC_13438; 51851; KLEB6; K6500; 164121Y; M6; 164125A; L1392; CFI_134_NDM1","1_1_55; 4_1_44FAA; 2660; 2619; 2609; MKP103; 45071; CFI_141_KPC3; KLEB9; L0549; L0506; K5864; 80528; MGH_78578; KLEB10; NCTC 7427; KPUK02; L0644; L0747; 922221W; L1522; K6310; KLEB3; KLEB4; KPUK01; CFI_014_VIM4; CFI_128_NDM1; KPUK04a; NCTC_13443; CFI_146_OXA48; CFI_001_VIM1; KLEB14; KPTR8; KLEB13","163575R; L0240; ATCC_11296; CFI_127_NDM1; 46704; 164358U; L0593; KLEB7; RSUH15; KLEB2; 163895Q; L0738; TW3; 163862E; 16; CFI_110_OXA232; CFI_119_OXA48; CFI_147_OXA48; CFI_118_NDM1; 18","164413U/2; NCTC_13368; KLEB12; 921530F; KLEB5; CFI_108_OXA181; 49856; CFI_131_KPC2; 45071; NCTC_13438; 51851; KLEB6; 164125A; CFI_134_NDM1","163575R; L0240; 1_1_55; 4_1_44FAA; K5962; ATCC_11296; CFI_127_NDM1; 2660; 2619; MDRT1; 2609; MKP103; KLEB9; L0506; K6500; K5864; 164121Y; 164358U; RSUH15; 80528; MGH_78578; KLEB10; NCTC 7427; KPUK02; L0644; L0747; 922221W; L1522; L0738; TW3; M6; K6310; KLEB3; KLEB4; 163862E; CFI_147_OXA48; CFI_118_NDM1; KPUK01; CFI_014_VIM4; 18; CFI_128_NDM1; KPUK04a; NCTC_13443; CFI_146_OXA48; CFI_001_VIM1; KPTR8; KLEB13","KLEB11; 46704; CFI_141_KPC3; L0549; L0593; KLEB7; KLEB2; 163895Q; L1392; 16; CFI_110_OXA232; CFI_119_OXA48; KLEB14"
"Roth68","PQ657815","","NCTC_13438","KL107  / capsule null (exp.)","164125A; 164413U/2","NCTC_13438; 164125A; 164413U/2","sh","Myophage","133.375","115.941","CLC v23.0.1","BMKGene; Reseq-M Kit","166252","0.396","JYI","OP734280.1","Jiaodavirus","Tevenvirinae","Straboviridae","Caudoviricetes","Virulent","Undetermined; permutated","98.4357953507251","high","1","no","gp_118_anti_CBASS/acb2_2; gp_148_anti_CBASS/acb1_1; gp_201_anti_TA/alt_3","KLEB11; 164413U/2; NCTC_13368; KLEB12; 921530F; KLEB5; CFI_108_OXA181; MDRT1; 49856; CFI_131_KPC2; NCTC_13438; 51851; KLEB6; K6500; 164121Y; 164125A; L1392; CFI_134_NDM1","1_1_55; 4_1_44FAA; K5962; 2660; 2619; 2609; 45071; CFI_141_KPC3; KLEB9; L0549; L0506; K5864; 164358U; 80528; KLEB2; MGH_78578; KLEB10; NCTC 7427; KPUK02; L0644; L0747; 922221W; L1522; K6310; KLEB3; KLEB4; KPUK01; CFI_014_VIM4; CFI_128_NDM1; KPUK04a; NCTC_13443; CFI_146_OXA48; CFI_001_VIM1; KLEB14; KPTR8; KLEB13","163575R; L0240; ATCC_11296; CFI_127_NDM1; MKP103; 46704; L0593; KLEB7; RSUH15; 163895Q; L0738; TW3; M6; 163862E; 16; CFI_110_OXA232; CFI_119_OXA48; CFI_147_OXA48; CFI_118_NDM1; 18","164413U/2; NCTC_13368; KLEB12; 921530F; KLEB5; CFI_108_OXA181; 49856; CFI_131_KPC2; 45071; NCTC_13438; 51851; KLEB6; 164125A; CFI_134_NDM1","163575R; L0240; 1_1_55; 4_1_44FAA; K5962; ATCC_11296; CFI_127_NDM1; 2660; 2619; MDRT1; 2609; MKP103; CFI_141_KPC3; KLEB9; L0506; K6500; K5864; 164121Y; 164358U; RSUH15; 80528; MGH_78578; KLEB10; NCTC 7427; KPUK02; L0644; L0747; 922221W; L1522; L0738; TW3; M6; K6310; KLEB3; KLEB4; 163862E; CFI_147_OXA48; CFI_118_NDM1; KPUK01; CFI_014_VIM4; 18; CFI_128_NDM1; KPUK04a; NCTC_13443; CFI_146_OXA48; CFI_001_VIM1; KPTR8; KLEB13","KLEB11; 46704; L0549; L0593; KLEB7; KLEB2; 163895Q; L1392; 16; CFI_110_OXA232; CFI_119_OXA48; KLEB14"
"Roth76","PQ657820","","CFI_131-KPC-2","KL106","164125A; 164413U/2","CFI_131-KPC-2; 164125A; 164413U/2","sh","Myophage","125.176","107.819","CLC v23.0.1","UKHSA; Nextera kit","166283","0.396","vB_KpnM_FRZ284","MZ602148.1","Jiaodavirus","Tevenvirinae","Straboviridae","Caudoviricetes","Virulent","NA","98.45410006","high","1","no","gp_118_anti_CBASS/acb2_2; gp_148_anti_CBASS/acb1_1; gp_201_anti_TA/alt_3","164413U/2; NCTC_13368; 921530F; KLEB5; CFI_108_OXA181; 49856; CFI_131_KPC2; 45071; NCTC_13438; 51851; KLEB6; K6500; 164121Y; 164125A; L1392; CFI_134_NDM1","KLEB11; KLEB12; 1_1_55; 4_1_44FAA; 2660; 2619; 2609; CFI_141_KPC3; KLEB9; L0549; L0506; K5864; 80528; MGH_78578; KLEB10; NCTC 7427; KPUK02; L0644; L0747; 922221W; L1522; K6310; KLEB3; KLEB4; KPUK01; CFI_014_VIM4; KPUK04a; NCTC_13443; CFI_146_OXA48; CFI_001_VIM1; KLEB14; KPTR8; KLEB13","163575R; L0240; K5962; ATCC_11296; CFI_127_NDM1; MDRT1; MKP103; 46704; 164358U; L0593; KLEB7; RSUH15; KLEB2; 163895Q; L0738; TW3; M6; 163862E; 16; CFI_110_OXA232; CFI_119_OXA48; CFI_147_OXA48; CFI_118_NDM1; 18; CFI_128_NDM1","164413U/2; NCTC_13368; KLEB12; 921530F; KLEB5; CFI_108_OXA181; 49856; CFI_131_KPC2; NCTC_13438; 51851; KLEB6; 164125A; CFI_134_NDM1","163575R; L0240; 1_1_55; 4_1_44FAA; K5962; ATCC_11296; CFI_127_NDM1; 2660; 2619; MDRT1; 2609; MKP103; 45071; CFI_141_KPC3; KLEB9; L0549; L0506; K6500; K5864; 164121Y; 164358U; 80528; MGH_78578; KLEB10; NCTC 7427; KPUK02; L0644; 163895Q; L0747; L1522; L0738; TW3; M6; K6310; KLEB3; KLEB4; 163862E; CFI_119_OXA48; CFI_147_OXA48; CFI_118_NDM1; KPUK01; CFI_014_VIM4; 18; CFI_128_NDM1; KPUK04a; NCTC_13443; CFI_146_OXA48; CFI_001_VIM1; KLEB14; KPTR8; KLEB13","KLEB11; 46704; L0593; KLEB7; RSUH15; KLEB2; 922221W; L1392; 16; CFI_110_OXA232"
"Roth34","PQ657802","","NCTC_13368","KL53","164125A","NCTC_13368; 164125A","s","Myophage","130.527","110.85","CLC v23.0.1","BMKGene; Reseq-M Kit","166283","0.396","JYI","OP734280.1","Jiaodavirus","Tevenvirinae","Straboviridae","Caudoviricetes","Virulent","Undetermined; permutated","98.45370989","high","1","no","gp_118_anti_CBASS/acb2_2; gp_148_anti_CBASS/acb1_1; gp_201_anti_TA/alt_3","KLEB11; 164413U/2; NCTC_13368; KLEB12; 921530F; KLEB5; CFI_108_OXA181; 49856; NCTC_13438; 51851; KLEB6; K6500; 164121Y; 164125A","163575R; 1_1_55; 4_1_44FAA; ATCC_11296; 2660; 2619; 2609; CFI_131_KPC2; 45071; CFI_141_KPC3; KLEB9; L0549; L0506; K5864; 164358U; L0593; RSUH15; 80528; KLEB2; MGH_78578; KLEB10; NCTC 7427; KPUK02; L0644; L0747; 922221W; L1522; L0738; TW3; M6; K6310; KLEB3; KLEB4; 163862E; L1392; CFI_110_OXA232; CFI_147_OXA48; CFI_118_NDM1; CFI_134_NDM1; KPUK01; CFI_014_VIM4; CFI_128_NDM1; KPUK04a; NCTC_13443; CFI_146_OXA48; CFI_001_VIM1; KLEB14; KPTR8; KLEB13","L0240; K5962; CFI_127_NDM1; MDRT1; MKP103; 46704; KLEB7; 163895Q; 16; CFI_119_OXA48; 18","164413U/2; NCTC_13368; KLEB12; 921530F; KLEB5; CFI_108_OXA181; 49856; CFI_131_KPC2; NCTC_13438; 51851; KLEB6; M6; 164125A; CFI_134_NDM1","163575R; L0240; 1_1_55; 4_1_44FAA; K5962; ATCC_11296; 2660; 2619; MDRT1; 2609; MKP103; 45071; CFI_141_KPC3; KLEB9; L0549; L0506; K6500; K5864; 164121Y; 164358U; L0593; KLEB7; 80528; KLEB2; MGH_78578; KLEB10; NCTC 7427; KPUK02; L0644; L0747; 922221W; L1522; L0738; TW3; K6310; KLEB3; KLEB4; 163862E; L1392; CFI_118_NDM1; KPUK01; CFI_014_VIM4; CFI_128_NDM1; KPUK04a; NCTC_13443; CFI_146_OXA48; CFI_001_VIM1; KLEB14; KPTR8; KLEB13","KLEB11; CFI_127_NDM1; 46704; RSUH15; 163895Q; 16; CFI_110_OXA232; CFI_119_OXA48; CFI_147_OXA48; 18"
"Roth79","PQ657823","","CFI_131-KPC-2","KL106","164125A; 164413U/2","CFI_131-KPC-2; 164125A; 164413U/2","s","Myophage","130.00799999999998","111.83600000000001","CLC v23.0.1","UKHSA; Nextera kit","166283","0.396","JYI","OP734280.1","Jiaodavirus","Tevenvirinae","Straboviridae","Caudoviricetes","Virulent","NA","98.45423768","high","1","no","gp_118_anti_CBASS/acb2_2; gp_148_anti_CBASS/acb1_1; gp_201_anti_TA/alt_3","KLEB11; 164413U/2; NCTC_13368; KLEB12; 921530F; KLEB5; CFI_108_OXA181; 49856; CFI_131_KPC2; NCTC_13438; 51851; KLEB6; 164121Y; 164125A; L1392; CFI_134_NDM1","1_1_55; 4_1_44FAA; 2660; 2619; 2609; 45071; CFI_141_KPC3; KLEB9; L0549; L0506; K5864; 80528; MGH_78578; KLEB10; NCTC 7427; KPUK02; L0644; L0747; 922221W; L1522; K6310; KLEB3; KLEB4; KPUK01; CFI_014_VIM4; KPUK04a; NCTC_13443; CFI_146_OXA48; CFI_001_VIM1; KLEB14; KPTR8; KLEB13","163575R; L0240; K5962; ATCC_11296; CFI_127_NDM1; MDRT1; MKP103; 46704; K6500; 164358U; L0593; KLEB7; RSUH15; KLEB2; 163895Q; L0738; TW3; M6; 163862E; 16; CFI_110_OXA232; CFI_119_OXA48; CFI_147_OXA48; CFI_118_NDM1; 18; CFI_128_NDM1","KLEB11; 164413U/2; NCTC_13368; KLEB12; 921530F; KLEB5; CFI_127_NDM1; CFI_108_OXA181; 49856; CFI_131_KPC2; 45071; NCTC_13438; 51851; KLEB6; 164125A","163575R; L0240; 1_1_55; 4_1_44FAA; K5962; ATCC_11296; 2660; 2619; MDRT1; 2609; MKP103; CFI_141_KPC3; KLEB9; L0549; L0506; K6500; K5864; 164121Y; 164358U; L0593; 80528; MGH_78578; KLEB10; NCTC 7427; KPUK02; L0644; 163895Q; L0747; 922221W; L1522; L0738; TW3; M6; K6310; KLEB3; KLEB4; 163862E; L1392; 16; CFI_110_OXA232; CFI_119_OXA48; CFI_147_OXA48; CFI_118_NDM1; CFI_134_NDM1; KPUK01; CFI_014_VIM4; 18; CFI_128_NDM1; KPUK04a; NCTC_13443; CFI_146_OXA48; CFI_001_VIM1; KLEB14; KPTR8; KLEB13","46704; KLEB7; RSUH15; KLEB2"
"Roth01","PQ657785","representative phage","CFI_108_OXA181","KL24","164125A; 164413U/2","CFI_108_OXA181; 164125A; 164413U/2","s","Myophage","123.3655","106.52850000000001","CLC v23.0.1","UKHSA; Nextera kit","166283","0.396","JYI","OP734280.1","Jiaodavirus","Tevenvirinae","Straboviridae","Caudoviricetes","Virulent","NA","98.4540006790909","high","1","no","gp_118_anti_CBASS/acb2_2; gp_148_anti_CBASS/acb1_1; gp_201_anti_TA/alt_3","KLEB11; 164413U/2; NCTC_13368; KLEB12; 921530F; KLEB5; CFI_108_OXA181; MDRT1; 49856; CFI_131_KPC2; 45071; NCTC_13438; 51851; KLEB6; K6500; 164121Y; M6; 164125A; L1392; CFI_134_NDM1","1_1_55; 4_1_44FAA; 2660; 2619; 2609; CFI_141_KPC3; KLEB9; L0549; L0506; K5864; 80528; MGH_78578; KLEB10; NCTC 7427; KPUK02; L0644; 163895Q; L0747; 922221W; L1522; TW3; K6310; KLEB3; KLEB4; KPUK01; CFI_014_VIM4; CFI_128_NDM1; KPUK04a; NCTC_13443; CFI_146_OXA48; CFI_001_VIM1; KLEB14; KPTR8; KLEB13","163575R; L0240; K5962; ATCC_11296; CFI_127_NDM1; MKP103; 46704; 164358U; L0593; KLEB7; RSUH15; KLEB2; L0738; 163862E; 16; CFI_110_OXA232; CFI_119_OXA48; CFI_147_OXA48; CFI_118_NDM1; 18","KLEB11; 164413U/2; NCTC_13368; KLEB12; KLEB5; CFI_108_OXA181; 49856; CFI_131_KPC2; 45071; NCTC_13438; 51851; KLEB6; K6500; M6; 164125A; CFI_134_NDM1","163575R; L0240; 1_1_55; 4_1_44FAA; ATCC_11296; CFI_127_NDM1; 2660; 2619; MDRT1; 2609; CFI_141_KPC3; KLEB9; L0549; L0506; K5864; 164358U; 80528; MGH_78578; KLEB10; NCTC 7427; KPUK02; L0644; L0747; 922221W; L1522; L0738; TW3; K6310; KLEB3; KLEB4; 163862E; L1392; KPUK01; CFI_014_VIM4; KPUK04a; NCTC_13443; CFI_146_OXA48; CFI_001_VIM1; KPTR8; KLEB13","921530F; K5962; MKP103; 46704; 164121Y; L0593; KLEB7; RSUH15; KLEB2; 163895Q; 16; CFI_110_OXA232; CFI_119_OXA48; CFI_147_OXA48; CFI_118_NDM1; 18; CFI_128_NDM1; KLEB14"
